Class ID,Class Type,Class Title,Campus,Credits,Days,Time,Date,Instructor
ACCT200194,LEC,Survey of Accounting,NEWRK,4 Hrs,ASYN,,Jan 3 - Feb 4,"Wright,Diane Marie Lambert"
ACCT200195,LEC,Survey of Accounting,NEWRK,4 Hrs,ASYN,,Jan 3 - Feb 4,"Wright,Diane Marie Lambert"
ACCT207010,LEC,Accounting I,NEWRK,3 Hrs,MTWR,8:00AM - 10:00AM,Jan 3 - Feb 4,"Etheridge,Paige Penelope"
ACCT207011,LEC,Accounting I,NEWRK,3 Hrs,,Canceled,,
ACCT207012,LEC,Accounting I,NEWRK,3 Hrs,,Canceled,,
ACCT207061,LEC,Accounting I,NEWRK,3 Hrs,,Canceled,,
ACCT208010,LEC,Accounting II,NEWRK,3 Hrs,MTWR,10:00AM - 12:00PM,Jan 3 - Feb 4,"Dragone,Debra Sue Gassner"
ACCT208011,LEC,Accounting II,NEWRK,3 Hrs,MTWR,12:15PM - 2:15PM,Jan 3 - Feb 4,"Dragone,Debra Sue Gassner"
ACCT315010,LEC,Intermediate Accounting I,NEWRK,3 Hrs,,Canceled,,
ACCT352050,LEC,Law and Social Issues in Business,NEWRK,3 Hrs,,Canceled,,
ACCT352061,LEC,Law and Social Issues in Business,NEWRK,3 Hrs,,Canceled,,
ACCT363000,IND,Service Learning and Earned Income Tax Credit,NEWRK,3 Hrs,ASYN,12:00AM - 12:00AM,Jan 3 - Feb 4,Staff
ACCT425010,LEC,Strategic Information Systems and Accounting,NEWRK,3 Hrs,F,8:00AM - 11:45AM,Jan 3 - Feb 4,"Rodalunas,Ryan Tyler"
ACCT467061,LEC,SEMINAR: ROLE OF RACE IN BUSINESS,NEWRK,3 Hrs,MTWR,12:45PM - 3:30PM,Jan 11 - Feb 4,"Joe,Jennifer R"
ACCT612196,LEC,Financial Reporting III,NEWRK,2 Hrs,ASYN,,Jan 3 - Feb 4,"Jung PhD,Michael J."
ACCT667061,LEC,SEMINAR: ROLE OF RACE IN BUSINESS,NEWRK,3 Hrs,MTWR,12:45PM - 3:30PM,Jan 11 - Feb 4,"Joe,Jennifer R"
ADMN562011,ADM,GRADUATE CONTRACT,NEWRK,0 Hrs,TBD,,-,Staff
AFRA107010,LEC,History of Rock,NEWRK,3 Hrs,ASYN,12:00AM - 12:00AM,Jan 3 - Feb 4,"England Baab,Sarah Jean"
AFRA223070,LEC,"Sports, Media, and Culture",NEWRK,3 Hrs,,Canceled,,
AFRA251010,LEC,"Addressing Inequity (Social, Political, Economic, Educational)",NEWRK,3 Hrs,MTWRF,12:00PM - 1:30PM,Jan 3 - Feb 4,"Smith,Alan E"
AFRA436010,LEC,African Politics and Literature,NEWRK,3 Hrs,MTWRF,12:00PM - 1:45PM,Jan 3 - Feb 4,"Bauer,Gretchen M"
AGRI224010,LEC,One Health,NEWRK,3 Hrs,MTWRF,10:00AM - 11:45AM,Jan 3 - Feb 4,"Arsenault,Ryan Joseph"
ANFS166000,IND,Special Problem,NEWRK,1-3 Hrs,ASYN,12:00AM - 12:00AM,Jan 3 - Feb 4,Staff
ANFS167010,LEC,SEMINAR: PANDEMIC PREPAREDNESS,NEWRK,1 Hrs,ASYN,,Jan 3 - Feb 4,"Arsenault,Ryan Joseph"
ANFS181061,LEC,From the Cow to the Cone: The Science and Business of Ice Cream,NEWRK,3 Hrs,MTWR,1:00PM - 3:15PM,Jan 3 - Feb 4,"Shaw,Melinda Christine"
ANFS261010,LEC,Pet Nutrition,NEWRK,3 Hrs,ASYN,12:00AM - 12:00AM,Jan 3 - Feb 4,"Griffiths,Lesa G"
ANFS366000,IND,Independent Study,NEWRK,1-6 Hrs,ASYN,12:00AM - 12:00AM,Jan 3 - Feb 4,Staff
ANFS399010,LEC,Teaching Assistant,NEWRK,1-2 Hrs,TBD,12:00AM - 12:00AM,Jan 3 - Feb 4,Staff
ANFS464000,IND,Animal and Food Science Experience,NEWRK,1-3 Hrs,ASYN,12:00AM - 12:00AM,Jan 3 - Feb 4,Staff
ANFS466000,IND,Independent Study,NEWRK,1-6 Hrs,ASYN,12:00AM - 12:00AM,Jan 3 - Feb 4,Staff
ANFS468000,RSC,Research,NEWRK,1-3 Hrs,ASYN,12:00AM - 12:00AM,Jan 3 - Feb 4,Staff
ANTH101192,LEC,Introduction to Social and Cultural Anthropology,NEWRK,3 Hrs,ASYN,,Jan 3 - Feb 4,"Neitzel,Jill E"
ANTH101193,LEC,Introduction to Social and Cultural Anthropology,NEWRK,3 Hrs,ASYN,,Jan 3 - Feb 4,"Neitzel,Jill E"
ANTH101194,LEC,Introduction to Social and Cultural Anthropology,NEWRK,3 Hrs,ASYN,,Jan 3 - Feb 4,"Thomas,Kedron"
ANTH101195,LEC,Introduction to Social and Cultural Anthropology,NEWRK,3 Hrs,ASYN,,Jan 3 - Feb 4,"Thomas,Kedron"
ANTH101710,LEC,Introduction to Social and Cultural Anthropology,WILM,3 Hrs,MTWRF,8:00AM - 9:45AM,Jan 3 - Feb 4,"Peasnall,Brian Lee"
ANTH352010,LEC,Refugees and Forced Migration,NEWRK,3 Hrs,MTWRF,12:00PM - 1:45PM,Jan 3 - Feb 4,"Ramsay,Georgina Kathleen"
APEC135061,LEC,Introduction to Data Analysis,NEWRK,3 Hrs,,Canceled,,
ARAB105010,LEC,Arabic I - Elementary,NEWRK,4 Hrs,,Canceled,,
ARAB205010,LEC,Arabic Conversation,NEWRK,3 Hrs,MTWRF,4:00PM - 5:45PM,Jan 3 - Feb 4,"Masmoudi,Ikram"
ARSC367010,LEC,SEMINAR: EXAMINING MEDICAL PROFESSIONS,NEWRK,2 Hrs,,Canceled,,
ARSC480070,INT,Issues in Healthcare for Children and Families,NEWRK,3 Hrs,TBD,12:00AM - 12:00AM,Jan 3 - Feb 4,"Richter,Saskia"
ART180192,LEC,Digital Photography for Non-Majors,NEWRK,3 Hrs,ASYN,12:00AM - 12:00AM,Jan 3 - Feb 4,"Cox,Jonathan Andrew"
ART180193,LEC,Digital Photography for Non-Majors,NEWRK,3 Hrs,ASYN,12:00AM - 12:00AM,Jan 3 - Feb 4,"Cox,Jonathan Andrew"
ART180194,LEC,Digital Photography for Non-Majors,NEWRK,3 Hrs,ASYN,12:00AM - 12:00AM,Jan 3 - Feb 4,"Cox,Jonathan Andrew"
ART180195,LEC,Digital Photography for Non-Majors,NEWRK,3 Hrs,ASYN,12:00AM - 12:00AM,Jan 3 - Feb 4,"Cox,Jonathan Andrew"
ARTC185010,LEC,Color Mixing and Matching,NEWRK,3 Hrs,TWRF,10:00AM - 1:00PM,Jan 3 - Feb 4,"Baade,Brian Holden"
ARTH151010,LEC,"Myth, Religion and Art",NEWRK,3 Hrs,MTWRF,2:00PM - 3:45PM,Jan 3 - Feb 4,"Shartrand,Emily Rachel"
ARTH166000,IND,Special Problem,NEWRK,1-3 Hrs,ASYN,12:00AM - 12:00AM,Jan 3 - Feb 4,Staff
ARTH166000,IND,Special Problem,NEWRK,1-3 Hrs,ASYN,12:00AM - 12:00AM,Jan 3 - Feb 4,Staff
ARTH175010,LEC,Hipsters in Headdresses: Native American Art in Popular Culture,NEWRK,3 Hrs,ASYN,,Jan 3 - Feb 4,"Colon,Zoe Amanda"
ARTH236010,LEC,Arts of the Islamic World,NEWRK,3 Hrs,MTWRF,12:00PM - 1:45PM,Jan 3 - Feb 4,"Shartrand,Emily Rachel"
ARTH249070,LEC,Art and Architecture in Context,NEWRK,3 Hrs,TBD,12:00AM - 12:00AM,Jan 3 - Feb 4,"Bell,James"
ARTH266000,IND,SPECIAL PROBLEM,NEWRK,1-3 Hrs,ASYN,12:00AM - 12:00AM,Jan 3 - Feb 4,Staff
ARTH366000,IND,Independent Study,NEWRK,1-3 Hrs,ASYN,12:00AM - 12:00AM,Jan 3 - Feb 4,Staff
ARTH464000,IND,Internship in Art History,NEWRK,3 Hrs,ASYN,12:00AM - 12:00AM,Jan 3 - Feb 4,Staff
ARTH466000,IND,Independent Study,NEWRK,1-3 Hrs,ASYN,12:00AM - 12:00AM,Jan 3 - Feb 4,Staff
BHAN120061L,LAB,Physical Education: ICE SKATING I,NEWRK,1 Hrs,,Canceled,,
BHAN130010,LEC,Health Topics: HEALTH & VIRTUES,NEWRK,1 Hrs,MW,10:00AM - 11:45AM,Jan 3 - Feb 4,"Groth,John Warren"
BHAN130011,LEC,Health Topics: PERSONAL RELATIONSHIPS,NEWRK,1 Hrs,MW,2:00PM - 3:45PM,Jan 3 - Feb 4,"Groth,John Warren"
BHAN130012,LEC,Health Topics: DEATH AND DYING,NEWRK,1 Hrs,MW,12:00PM - 1:45PM,Jan 3 - Feb 4,"Groth,John Warren"
BHAN155011,LEC,Personal Health Management: An Approach for a Lifetime,NEWRK,3 Hrs,MTWRF,10:00AM - 11:45AM,Jan 3 - Feb 4,"Hayman,John T"
BHAN236073,LEC,Health and Physical Activity Abroad,NEWRK,3 Hrs,,Canceled,,
BHAN263010L,LAB,Health Behavior Science Practicum,NEWRK,1-3 Hrs,ASYN,12:00AM - 12:00AM,Jan 3 - Feb 4,"Lodyga,Marc Gregory"
BHAN266000,IND,Special Problem,NEWRK,1-3 Hrs,ASYN,12:00AM - 12:00AM,Jan 3 - Feb 4,Staff
BHAN311010,LEC,Issues in Health Behavior Science,NEWRK,3 Hrs,,Canceled,,
BHAN322073,LEC,International Community Health,NEWRK,3 Hrs,,Canceled,,
BHAN342010,LEC,Introduction to Adapted Physical Activity,NEWRK,3 Hrs,MTWRF,10:00AM - 11:45AM,Jan 3 - Feb 4,"Obrusnikova,Iva"
BHAN366000,IND,Independent Study,NEWRK,1-6 Hrs,ASYN,12:00AM - 12:00AM,Jan 3 - Feb 4,Staff
BHAN368000,IND,Junior Special Topics,NEWRK,1-4 Hrs,ASYN,12:00AM - 12:00AM,Jan 3 - Feb 4,Staff
BHAN403010L,LAB,Practicum in Adapted Physical Activity,NEWRK,1-3 Hrs,ASYN,12:00AM - 12:00AM,Jan 3 - Feb 4,"Obrusnikova,Iva"
BHAN460010L,LAB,Coaching Performance Practicum,NEWRK,3 Hrs,ASYN,12:00AM - 12:00AM,Jan 3 - Feb 4,"Hayman,John T"
BHAN466000,IND,Independent Study,NEWRK,1-6 Hrs,ASYN,12:00AM - 12:00AM,Jan 3 - Feb 4,Staff
BHAN666000,IND,Special Problem,NEWRK,1-6 Hrs,ASYN,12:00AM - 12:00AM,Jan 3 - Feb 4,Staff
BISC103010,LEC,Principles of Biology,NEWRK,3 Hrs,TR,5:00PM - 8:45PM,Jan 3 - Feb 4,"Fomin,Victor Petrovich"
BISC107070,LEC,Elementary Evolutionary Ecology,NEWRK,3 Hrs,TBD,12:00AM - 12:00AM,Jan 3 - Feb 4,"Bartley,John A"
BISC127070,LEC,Environments and Cultures in Conflict,NEWRK,4 Hrs,TBD,12:00AM - 12:00AM,Jan 3 - Feb 4,"Bartley,John A"
BISC171194,LEC,Microbiology in Modern Society,NEWRK,3 Hrs,ASYN,,Jan 3 - Feb 4,"Stevenson,Natalie Weaver"
BISC171195,LEC,Microbiology in Modern Society,NEWRK,3 Hrs,ASYN,,Jan 3 - Feb 4,"Stevenson,Natalie Weaver"
BISC207010,LEC,Introductory Biology I,NEWRK,4 Hrs,MTWRF,10:00AM - 11:45AM,Jan 3 - Feb 4,"Van Golen,Kenneth Louis"
BISC207020L,LAB,Introductory Biology I,NEWRK,4 Hrs,TF,1:00PM - 3:30PM,Jan 3 - Feb 4,"Kasprzak,Megan Elise"
BISC207021L,LAB,Introductory Biology I,NEWRK,4 Hrs,TF,4:00PM - 6:30PM,Jan 3 - Feb 4,"Kasprzak,Megan Elise"
BISC208010,LEC,Introductory Biology II,NEWRK,4 Hrs,TWRF,9:30AM - 11:30AM,Jan 3 - Feb 4,"Mahaffy,Lynn A"
BISC208020L,LAB,Introductory Biology II,NEWRK,4 Hrs,TF,1:00PM - 3:30PM,Jan 3 - Feb 4,"Kasprzak,Megan Elise"
BISC208021L,LAB,Introductory Biology II,NEWRK,4 Hrs,TF,4:00PM - 6:30PM,Jan 3 - Feb 4,"Kasprzak,Megan Elise"
BISC266010,IND,SPECIAL PROBLEM,NEWRK,1-3 Hrs,TF,4:00PM - 6:30PM,Jan 3 - Feb 4,"Kasprzak,Megan Elise"
BISC276194,LEC,Human Physiology,NEWRK,4 Hrs,ASYN,12:00AM - 12:00AM,Jan 3 - Feb 4,"Hong,Seung Mook"
BISC276195,LEC,Human Physiology,NEWRK,4 Hrs,ASYN,12:00AM - 12:00AM,Jan 3 - Feb 4,"Hong,Seung Mook"
BISC366000,IND,Independent Study,NEWRK,1-6 Hrs,ASYN,12:00AM - 12:00AM,Jan 3 - Feb 4,Staff
BISC367194,LEC,SEMINAR: CONCEPTS IN GENETICS,NEWRK,3 Hrs,ASYN,,Jan 3 - Feb 4,"Raden,David L"
BISC367195,LEC,SEMINAR: CONCEPTS IN GENETICS,NEWRK,3 Hrs,ASYN,,Jan 3 - Feb 4,"Raden,David L"
BISC400010,LEC,Special Topics in Biology: BIOLOGY OF MAMMALIAN G-PROTEIN,NEWRK,1 Hrs,TR,12:30PM - 2:00PM,Jan 3 - Feb 4,"Van Golen,Kenneth Louis"
BISC468000,RSC,Research,NEWRK,1-6 Hrs,TBD,12:00AM - 12:00AM,Jan 3 - Feb 4,Staff
BISC480010,LEC,Vertebrate Natural History,NEWRK,3 Hrs,TWRF,2:00PM - 4:00PM,Jan 3 - Feb 4,"Mahaffy,Lynn A"
BMEG350010,LEC,Clinical Immersion for Engineers,NEWRK,3 Hrs,W,3:00PM - 4:30PM,Jan 3 - Feb 4,"Rooney,Sarah Ilkhanipour"
BMEG366000,IND,Independent Study,NEWRK,1-6 Hrs,ASYN,12:00AM - 12:00AM,Jan 3 - Feb 4,Staff
BMEG466000,IND,Independent Study,NEWRK,1-6 Hrs,ASYN,12:00AM - 12:00AM,Jan 3 - Feb 4,Staff
BMEG866000,IND,Special Problem,NEWRK,3 Hrs,ASYN,12:00AM - 12:00AM,Jan 3 - Feb 4,Staff
BMEG866000,IND,Special Problem,NEWRK,3 Hrs,ASYN,12:00AM - 12:00AM,Jan 3 - Feb 4,Staff
BMSC868000,RSC,Research,NEWRK,1-6 Hrs,ASYN,12:00AM - 12:00AM,Jan 3 - Feb 4,Staff
BUAD100194,LEC,Introduction to Business,NEWRK,3 Hrs,ASYN,12:00AM - 12:00AM,Jan 3 - Feb 4,"Bayuk,Julia Belyavsky"
BUAD100195,LEC,Introduction to Business,NEWRK,3 Hrs,ASYN,12:00AM - 12:00AM,Jan 3 - Feb 4,"Bayuk,Julia Belyavsky"
BUAD150194,LEC,Business Basics for Entrepreneurs,NEWRK,4 Hrs,ASYN,12:00AM - 12:00AM,Jan 3 - Feb 4,"Freeman,Daniel J"
BUAD150195,LEC,Business Basics for Entrepreneurs,NEWRK,4 Hrs,ASYN,12:00AM - 12:00AM,Jan 3 - Feb 4,"Freeman,Daniel J"
BUAD301194,LEC,Introduction to Marketing,NEWRK,3 Hrs,ASYN,,Jan 3 - Feb 4,"Sivaraman,Anuradha"
BUAD301195,LEC,Introduction to Marketing,NEWRK,3 Hrs,ASYN,,Jan 3 - Feb 4,"Sivaraman,Anuradha"
BUAD302012,LEC,Marketing Research,NEWRK,3 Hrs,MWF,9:00AM - 11:45AM,Jan 3 - Feb 4,"Steinman,Ross Brandyn"
BUAD306010,LEC,Introduction to Service and Operations Management,NEWRK,3 Hrs,TR,10:00AM - 2:30PM,Jan 3 - Feb 4,"Murphy,Susan B"
BUAD306194,LEC,Introduction to Service and Operations Management,NEWRK,3 Hrs,ASYN,,Jan 3 - Feb 4,"Grasso,Sabrina Leigh"
BUAD306195,LEC,Introduction to Service and Operations Management,NEWRK,3 Hrs,ASYN,,Jan 3 - Feb 4,"Grasso,Sabrina Leigh"
BUAD309011,LEC,Organizational Behavior,NEWRK,3 Hrs,MTWRF,10:00AM - 11:45AM,Jan 3 - Feb 4,"Bishop,Derron"
BUAD309012,LEC,Organizational Behavior,NEWRK,3 Hrs,,Canceled,,
BUAD309194,LEC,Organizational Behavior,NEWRK,3 Hrs,ASYN,12:00AM - 12:00AM,Jan 3 - Feb 4,"Kernan,Mary C"
BUAD309195,LEC,Organizational Behavior,NEWRK,3 Hrs,ASYN,12:00AM - 12:00AM,Jan 3 - Feb 4,"Kernan,Mary C"
BUAD364070,INT,Business Administration in Practice,NEWRK,3 Hrs,TBD,12:00AM - 12:00AM,Jan 3 - Feb 4,"Sundaram,Suresh"
BUAD366000,IND,Independent Study,NEWRK,1-6 Hrs,TBD,12:00AM - 12:00AM,Jan 3 - Feb 4,Staff
BUAD384194,LEC,Global Business Environment,NEWRK,3 Hrs,ASYN,12:00AM - 12:00AM,Jan 3 - Feb 4,"Sullivan,Daniel Patrick"
BUAD384195,LEC,Global Business Environment,NEWRK,3 Hrs,ASYN,12:00AM - 12:00AM,Jan 3 - Feb 4,"Sullivan,Daniel Patrick"
BUAD386194,LEC,International Business Management,NEWRK,3 Hrs,ASYN,12:00AM - 12:00AM,Jan 3 - Feb 4,"Sullivan,Daniel Patrick"
BUAD386195,LEC,International Business Management,NEWRK,3 Hrs,ASYN,12:00AM - 12:00AM,Jan 3 - Feb 4,"Sullivan,Daniel Patrick"
BUAD391070,LEC,"Seminar on International Management: BUSINESS, SOCIETAL, & ECON DEV",NEWRK,3 Hrs,TBD,12:00AM - 12:00AM,Jan 3 - Feb 4,"Sanders,Ryan"
BUAD393072,LEC,Seminar on International Marketing Management: INTERNATIONAL MARKETING MGMT,NEWRK,3 Hrs,TBD,12:00AM - 12:00AM,Jan 3 - Feb 4,"Fields,Sandra M"
BUAD423010,LEC,Negotiation and Conflict Resolution,NEWRK,3 Hrs,ASYN,,Jan 3 - Feb 4,"Sleesman,Dustin"
BUAD429010,LEC,Selected Topics in Management: MANAGING DIVERSITY IN ORGANIZA,NEWRK,3 Hrs,,Canceled,,
BUAD430010,LEC,Consulting and Project Management,NEWRK,3 Hrs,MWF,10:00AM - 11:45AM,Jan 3 - Feb 4,"Bullough,Amanda"
BUAD441010,LEC,Strategic Management,NEWRK,3 Hrs,MTWRF,2:00PM - 3:45PM,Jan 3 - Feb 4,"Leipold,Dianne Patricia Kronenb"
BUAD441194,LEC,Strategic Management,NEWRK,3 Hrs,ASYN,12:00AM - 12:00AM,Jan 3 - Feb 4,"Watson,Sharon R"
BUAD441195,LEC,Strategic Management,NEWRK,3 Hrs,ASYN,12:00AM - 12:00AM,Jan 3 - Feb 4,"Watson,Sharon R"
BUAD467061,LEC,SEMINAR: ROLE OF RACE IN BUSINESS,NEWRK,3 Hrs,MTWR,12:45PM - 3:30PM,Jan 11 - Feb 4,"Joe,Jennifer R"
BUAD471194,LEC,Advertising and Media Management,NEWRK,3 Hrs,ASYN,12:00AM - 12:00AM,Jan 3 - Feb 4,Staff
BUAD471195,LEC,Advertising and Media Management,NEWRK,3 Hrs,ASYN,12:00AM - 12:00AM,Jan 3 - Feb 4,Staff
BUAD611196,LEC,Globalization and Business,NEWRK,3 Hrs,ASYN,12:00AM - 12:00AM,Jan 3 - Feb 4,"Sullivan,Daniel Patrick"
BUAD611197,LEC,Globalization and Business,NEWRK,3 Hrs,ASYN,12:00AM - 12:00AM,Jan 3 - Feb 4,"Sullivan,Daniel Patrick"
BUAD664010,INT,Internship,NEWRK,1-3 Hrs,TBD,12:00AM - 12:00AM,Jan 3 - Feb 4,"Andrus,Sarah Baker"
BUAD667061,LEC,SEMINAR: ROLE OF RACE IN BUSINESS,NEWRK,3 Hrs,MTWR,12:45PM - 3:30PM,Jan 11 - Feb 4,"Joe,Jennifer R"
BUAD674196,LEC,Selected Topics in Management and Leadership: POS LEADERSHIP THEORY & PRACT,NEWRK,3 Hrs,ASYN,,Jan 3 - Feb 4,"Baroudi,Jack J"
BUAD674197,LEC,Selected Topics in Management and Leadership: POS LEADERSHIP THEORY & PRACT,NEWRK,3 Hrs,ASYN,,Jan 3 - Feb 4,"Baroudi,Jack J"
BUAD677050,LEC,Skills for Change Agents,NEWRK,3 Hrs,M,6:00PM - 9:00PM,Jan 3 - Feb 4,"Townsend,Gail Joy Sacconey"
BUAD866000,IND,SPECIAL PROBLEM,NEWRK,1-12 Hrs,TBD,12:00AM - 12:00AM,Jan 3 - Jan 28,Staff
BUEC101010,LEC,Career Exploration and Professional Development,NEWRK,1 Hrs,M,4:00PM - 7:00PM,Jan 10 - Jan 31,"Motta,Christine A"
BUEC601196D,DIS,Building Emotional Intelligence and Critical Thinking,NEWRK,1 Hrs,ASYN,,Jan 10 - Feb 4,"Baroudi,Jack J"
BUEC601197D,DIS,Building Emotional Intelligence and Critical Thinking,NEWRK,1 Hrs,ASYN,,Jan 10 - Feb 4,"Baroudi,Jack J"
BUEC603196D,DIS,"Communicating, Branding and Career Networking",NEWRK,1 Hrs,ASYN,,Jan 10 - Feb 4,"Andrus,Sarah Baker"
BUEC603197D,DIS,"Communicating, Branding and Career Networking",NEWRK,1 Hrs,ASYN,,Jan 10 - Feb 4,"Andrus,Sarah Baker"
CGSC102070,LEC,"Language, Mind and Society",NEWRK,3 Hrs,TBD,12:00AM - 12:00AM,Jan 3 - Feb 4,"Straitman,Nina Pahl"
CGSC170061,LEC,Introduction to Cognitive Science,NEWRK,3 Hrs,MTWRF,12:00PM - 1:45PM,Jan 3 - Feb 4,"Nelson,Peter"
CHEG366000,IND,Independent Study,NEWRK,1-6 Hrs,ASYN,12:00AM - 12:00AM,Jan 3 - Feb 4,Staff
CHEG366000,IND,Independent Study,NEWRK,1-6 Hrs,ASYN,12:00AM - 12:00AM,Jan 3 - Feb 4,Staff
CHEG665001,INT,Bioprocess Design Internship,NEWRK,1-2 Hrs,TBD,,Jan 3 - Feb 4,"Roberts,Christopher John"
CHEM103010,LEC,General Chemistry,NEWRK,3 Hrs,MTWRF,8:00AM - 9:45AM,Jan 3 - Feb 4,"Genova,Lauren Alexa"
CHEM103020D,DIS,General Chemistry,NEWRK,3 Hrs,T,12:30PM - 1:45PM,Jan 3 - Feb 4,"Genova,Lauren Alexa"
CHEM104010,LEC,General Chemistry,NEWRK,3 Hrs,MTWRF ,10:00AM - 11:45AM ,Jan 3 - Feb 4 ,"Stemniski,Michael A"
CHEM133020L,LAB,General Chemistry Laboratory,NEWRK,1 Hrs,MWF,10:00AM - 1:00PM,Jan 3 - Feb 4,"Burke,Kathryn Denise"
CHEM133021L,LAB,General Chemistry Laboratory,NEWRK,1 Hrs,MWF,1:15PM - 4:15PM,Jan 3 - Feb 4,"Burke,Kathryn Denise"
CHEM134020L,LAB,General Chemistry Laboratory,NEWRK,1 Hrs,MWF,12:00PM - 3:00PM,Jan 3 - Feb 4,"Burke,Kathryn Denise"
CHEM134021L,LAB,General Chemistry Laboratory,NEWRK,1 Hrs,MWF,12:00PM - 3:00PM,Jan 3 - Feb 4,"Burke,Kathryn Denise"
CHEM213010,LEC,Elementary Organic Chemistry,NEWRK,3 Hrs,MTWRF,10:00AM - 11:45AM,Jan 3 - Feb 4,"Chatellier,Dana Stewart"
CHEM214010,LEC,Elementary Biochemistry,NEWRK,3 Hrs,MTR,4:30PM - 5:45PM,Jan 3 - Feb 4,"Hoober,Karen Louise"
CHEM215020L,LAB,Elementary Organic Chemistry Laboratory,NEWRK,1 Hrs,MWF,12:00PM - 3:00PM,Jan 3 - Feb 4,"Sametz,Geoffrey Michael"
CHEM321010,LEC,Organic Chemistry I,NEWRK,3 Hrs,MTWRF,10:00AM - 11:45AM,Jan 3 - Feb 4,"Hietbrink,Bruce Norman"
CHEM322010,LEC,Organic Chemistry II,NEWRK,3 Hrs,MTWRF,1:00PM - 2:30PM,Jan 3 - Feb 4,"Hietbrink,Bruce Norman"
CHEM325020L,LAB,Organic Chemistry Laboratory I,NEWRK,1 Hrs,MWF,12:00PM - 3:00PM,Jan 3 - Feb 4,"Sametz,Geoffrey Michael"
CHEM325021L,LAB,Organic Chemistry Laboratory I,NEWRK,1 Hrs,MWF,3:05PM - 6:05PM,Jan 3 - Feb 4,"Sametz,Geoffrey Michael"
CHEM326020L,LAB,Organic Chemistry Laboratory II,NEWRK,1 Hrs,MWF,9:30AM - 12:30PM,Jan 3 - Feb 4,"Sametz,Geoffrey Michael"
CHEM326021L,LAB,Organic Chemistry Laboratory II,NEWRK,1 Hrs,MWF,3:00PM - 6:00PM,Jan 3 - Feb 4,"Sametz,Geoffrey Michael"
CHEM468001,IND,Undergraduate Research,NEWRK,1-6 Hrs,ASYN,12:00AM - 12:00AM,Jan 3 - Feb 4,Staff
CHIN205010,LEC,Chinese Conversation,NEWRK,3 Hrs,MTWRF,10:00AM - 11:45AM,Jan 3 - Feb 4,"Yang,Haihong"
CIEG467010,LEC,SEMINAR: SAFETY INSPECTION OF BRIDGES,NEWRK,3 Hrs,MTWRF,8:00AM - 4:30PM,Jan 3 - Jan 14,"Lee II,Earl Eugene"
CIEG486070,LEC,Engineering Project Management,NEWRK,3 Hrs,TBD,12:00AM - 12:00AM,Jan 3 - Feb 4,"Small,Edgar Parker"
CIEG492070,LEC,International Construction,NEWRK,3 Hrs,TBD,12:00AM - 12:00AM,Jan 3 - Feb 4,"Small,Edgar Parker"
CIEG666000,IND,SPECIAL PROBLEM,NEWRK,1-12 Hrs,ASYN,12:00AM - 12:00AM,Jan 3 - Feb 4,Staff
CIEG675010,LEC,Matlab for Engineering Analysis,NEWRK,3 Hrs,MTWRF,10:00AM - 11:45AM,Jan 3 - Feb 4,"Puleo,Jack A"
CIEG869000,IND,Master's Thesis,NEWRK,1-6 Hrs,TBD,12:00AM - 12:00AM,Jan 3 - Feb 4,Staff
CISC101010,LEC,Principles of Computing,NEWRK,3 Hrs,MTWRF,10:00AM - 11:30AM,Jan 3 - Feb 4,"Neff,Jean Marie"
CISC101020L,LAB,Principles of Computing,NEWRK,3 Hrs,TR,5:00PM - 6:30PM,Jan 3 - Feb 4,"Neff,Jean Marie"
CISC355010,LEC,"Computers, Ethics and Society",NEWRK,3 Hrs,MR,6:00PM - 10:00PM,Jan 3 - Feb 4,"Lynch,T Gregory"
CISC366000,IND,Independent Study,NEWRK,3 Hrs,ASYN,12:00AM - 12:00AM,Jan 3 - Feb 4,Staff
CISC466000,IND,Independent Study,NEWRK,3 Hrs,ASYN,12:00AM - 12:00AM,Jan 3 - Feb 4,Staff
CISC606010,LEC,Foundations in Programming,NEWRK,3 Hrs,TR,5:00PM - 7:30PM,Jan 3 - Feb 4,"Pollock,Lori"
CISC699000,IND,Graduate Internship,NEWRK,1 Hrs,TBD,12:00AM - 12:00AM,Jan 3 - Feb 4,Staff
CISC969000,IND,Doctoral Dissertation,NEWRK,1-12 Hrs,ASYN,12:00AM - 12:00AM,Jan 3 - Feb 4,Staff
COMM212010,LEC,Public Speaking & Professional Presentation,NEWRK,3 Hrs,,Canceled,,
COMM212061,LEC,Public Speaking & Professional Presentation,NEWRK,3 Hrs,MTWRF,10:00AM - 12:00PM,Jan 3 - Jan 28,"Mortenson,Steven Todd"
COMM230194,LEC,Communication and Interpersonal Behavior,NEWRK,3 Hrs,ASYN,12:00AM - 12:00AM,Jan 3 - Feb 4,"Caplan,Scott E"
COMM230195,LEC,Communication and Interpersonal Behavior,NEWRK,3 Hrs,ASYN,12:00AM - 12:00AM,Jan 3 - Feb 4,"Caplan,Scott E"
COMM245194,LEC,Media and Society,NEWRK,3 Hrs,TBD,,Jan 3 - Feb 4,"Young,Dannagal Goldthwaite"
COMM245195,LEC,Media and Society,NEWRK,3 Hrs,TBD,,Jan 3 - Feb 4,"Young,Dannagal Goldthwaite"
COMM301010,LEC,Introduction to Communication Research Methods,NEWRK,3 Hrs,MTWRF,2:00PM - 3:30PM,Jan 3 - Feb 4,"Ellithorpe,Morgan"
COMM423010,LEC,"Communication, Advertising, and the Consumer",NEWRK,3 Hrs,MTWRF,12:00PM - 1:30PM,Jan 3 - Feb 4,"Angelini,James Reynolds"
CPEG366000,IND,INDEPENDENT STUDY,NEWRK,1-6 Hrs,ASYN,12:00AM - 12:00AM,Jan 3 - Feb 4,Staff
CPEG466000,IND,INDEPENDENT STUDY,NEWRK,1-6 Hrs,ASYN,12:00AM - 12:00AM,Jan 3 - Feb 4,Staff
CPEG869000,IND,Master's Thesis,NEWRK,1-6 Hrs,ASYN,12:00AM - 12:00AM,Jan 3 - Feb 4,Staff
CRJU110192,LEC,Introduction to Criminal Justice,NEWRK,3 Hrs,ASYN,,Jan 3 - Feb 4,"Parker,Karen Faye"
CRJU110193,LEC,Introduction to Criminal Justice,NEWRK,3 Hrs,ASYN,,Jan 3 - Feb 4,"Parker,Karen Faye"
CRJU110194,LEC,Introduction to Criminal Justice,NEWRK,3 Hrs,ASYN,,Jan 3 - Feb 4,"Parker,Karen Faye"
CRJU110195,LEC,Introduction to Criminal Justice,NEWRK,3 Hrs,ASYN,,Jan 3 - Feb 4,"Parker,Karen Faye"
CRJU110195,LEC,Introduction to Criminal Justice,NEWRK,3 Hrs,ASYN,,Jan 3 - Feb 4,"Parker,Karen Faye"
CRJU303192,LEC,Juvenile Delinquency,NEWRK,3 Hrs,ASYN,,Jan 3 - Feb 4,"Hughes,Cresean"
CRJU303193,LEC,Juvenile Delinquency,NEWRK,3 Hrs,ASYN,,Jan 3 - Feb 4,"Hughes,Cresean"
CRJU303194,LEC,Juvenile Delinquency,NEWRK,3 Hrs,ASYN,,Jan 3 - Feb 4,"Hughes,Cresean"
CRJU303195,LEC,Juvenile Delinquency,NEWRK,3 Hrs,ASYN,,Jan 3 - Feb 4,"Hughes,Cresean"
CRJU304010,LEC,Criminology,NEWRK,3 Hrs,MTWRF,2:00PM - 3:45PM,Jan 3 - Feb 4,"O'Connell,Daniel J"
CRJU366000,IND,Independent Study,NEWRK,1-6 Hrs,ASYN,12:00AM - 12:00AM,Jan 3 - Feb 4,Staff
CRJU367192,LEC,Seminar: CRIMINAL JUSTICE ETHICS,NEWRK,3 Hrs,ASYN,,Jan 3 - Feb 4,"Griffin,Jennifer Diehl"
CRJU367193,LEC,Seminar: CRIMINAL JUSTICE ETHICS,NEWRK,3 Hrs,ASYN,,Jan 3 - Feb 4,"Griffin,Jennifer Diehl"
CRJU367194,LEC,Seminar: CRIMINAL JUSTICE ETHICS,NEWRK,3 Hrs,ASYN,,Jan 3 - Feb 4,"Griffin,Jennifer Diehl"
CRJU367195,LEC,Seminar: CRIMINAL JUSTICE ETHICS,NEWRK,3 Hrs,ASYN,,Jan 3 - Feb 4,"Griffin,Jennifer Diehl"
CRJU369192,LEC,"Alcohol, Drugs and Crime",NEWRK,3 Hrs,ASYN,,Jan 3 - Feb 4,"Anderson,Tammy L"
CRJU369193,LEC,"Alcohol, Drugs and Crime",NEWRK,3 Hrs,ASYN,,Jan 3 - Feb 4,"Anderson,Tammy L"
CRJU369194,LEC,"Alcohol, Drugs and Crime",NEWRK,3 Hrs,ASYN,,Jan 3 - Feb 4,"Anderson,Tammy L"
CRJU369195,LEC,"Alcohol, Drugs and Crime",NEWRK,3 Hrs,ASYN,,Jan 3 - Feb 4,"Anderson,Tammy L"
CRJU460192,LEC,Criminal Justice Policy,NEWRK,3 Hrs,ASYN,,Jan 3 - Feb 4,"Miller,Susan L"
CRJU460193,LEC,Criminal Justice Policy,NEWRK,3 Hrs,ASYN,,Jan 3 - Feb 4,"Miller,Susan L"
CRJU460194,LEC,Criminal Justice Policy,NEWRK,3 Hrs,ASYN,,Jan 3 - Feb 4,"Miller,Susan L"
CRJU460195,LEC,Criminal Justice Policy,NEWRK,3 Hrs,ASYN,,Jan 3 - Feb 4,"Miller,Susan L"
CRJU466000,IND,Independent Study,NEWRK,1-6 Hrs,ASYN,12:00AM - 12:00AM,Jan 3 - Feb 4,Staff
CSCD490010,RSC,Research Practicum,NEWRK,1-3 Hrs,TBD,12:00AM - 12:00AM,Jan 3 - Feb 4,"Morini,Giovanna"
CSCD490011,RSC,Research Practicum,NEWRK,1-3 Hrs,TBD,12:00AM - 12:00AM,Jan 3 - Feb 4,"Earle,Frances Sayako"
CSCD490012,RSC,Research Practicum,NEWRK,1-3 Hrs,TBD,12:00AM - 12:00AM,Jan 3 - Feb 4,"Sheng,Li"
CSCD615001,LEC,Cultural Humility in Clinical Practice,NEWRK,2 Hrs,TBD,,Jan 3 - Feb 4,"Cook,Christine Virion"
CSCD620010,LEC,Foundations of Clinical Practice II,NEWRK,2 Hrs,TR,12:30PM - 3:30PM,Jan 3 - Feb 4,"Truluck,Jacqueline Gatti"
CSCD651010,CLN,Clinical Practicum,NEWRK,1-3 Hrs,MTWRF,11:30AM - 12:30PM,Jan 3 - Feb 4,"Truluck,Jacqueline Gatti"
CSCD750020D,DIS,Adv Clinical Practicum Sem,NEWRK,0 Hrs,F,9:30AM - 10:30AM,Jan 3 - Feb 4,"Truluck,Jacqueline Gatti"
CSCD895010,CLN,Clinical Fellowship,NEWRK,1-9 Hrs,TBD,12:00AM - 12:00AM,Jan 3 - Feb 4,"Verdolini Abbott,Katherine T"
DANC101010,LEC,Introduction to the Art of Dance,NEWRK,3 Hrs,MTWRF,2:00PM - 3:45PM,Jan 3 - Feb 4,"Bibik,Janice Marian"
DANC203011,LEC,Beginning Modern Dance,NEWRK,3 Hrs,MTWRF,10:00AM - 11:45AM,Jan 3 - Feb 4,"Schroeder,Kimberly A."
DISA666000,IND,Special Problem,NEWRK,1-12 Hrs,TBD,,Jan 3 - Feb 4,Staff
DISA667010,LEC,SEMINAR: CHALLENGES IN DISASTER PREP,NEWRK,3 Hrs,SSun ,9:05AM - 8:30PM ,Jan 8 - Jan 9 ,"DeYoung,Sarah Elizabeth"
DISA866000,IND,Special Problem,NEWRK,1-12 Hrs,ASYN,12:00AM - 12:00AM,Jan 3 - Feb 4,Staff
DIST200000,IND,Access: ABILITY Experience,NEWRK,1-3 Hrs,ASYN,12:00AM - 12:00AM,Jan 3 - Feb 4,Staff
DIST266000,IND,SPECIAL PROBLEM,NEWRK,1-3 Hrs,ASYN,12:00AM - 12:00AM,Jan 3 - Feb 4,Staff
DIST301070,LEC,Disability Studies: Special Topics,NEWRK,3 Hrs,TBD,12:00AM - 12:00AM,Jan 3 - Feb 4,"Eisenman,Laura T"
EAMC620012,FLD,Field Study,NEWRK,0 Hrs,TBD,12:00AM - 12:00AM,Jan 3 - Feb 4,"Dann,Catharine Christie"
EAMC620013,FLD,Field Study,NEWRK,0 Hrs,TBD,12:00AM - 12:00AM,Jan 3 - Feb 4,"Brueckner,Martin C"
ECON100010,LEC,Economic Issues and Policies,NEWRK,3 Hrs,MTWRF,2:00PM - 3:45PM,Jan 3 - Feb 4,Staff
ECON101010,LEC,Introduction to Microeconomics,NEWRK,3 Hrs,MTWRF,10:00AM - 11:45AM,Jan 3 - Feb 4,Staff
ECON101011,LEC,Introduction to Microeconomics,NEWRK,3 Hrs,MTWRF,12:00PM - 1:45PM,Jan 3 - Feb 4,Staff
ECON101194,LEC,Introduction to Microeconomics,NEWRK,3 Hrs,ASYN,12:00AM - 12:00AM,Jan 3 - Feb 4,"Link,Charles Robert"
ECON101195,LEC,Introduction to Microeconomics,NEWRK,3 Hrs,ASYN,12:00AM - 12:00AM,Jan 3 - Feb 4,"Link,Charles Robert"
ECON103010,LEC,Introduction to Macroeconomics,NEWRK,3 Hrs,MTWRF,10:00AM - 11:45AM,Jan 3 - Feb 4,Staff
ECON103011,LEC,Introduction to Macroeconomics,NEWRK,3 Hrs,MTWRF,10:00AM - 11:45AM,Jan 3 - Feb 4,Staff
ECON103012,LEC,Introduction to Macroeconomics,NEWRK,3 Hrs,MTWRF,12:00PM - 1:45PM,Jan 3 - Feb 4,Staff
ECON300010,LEC,Intermediate Microeconomic Theory,NEWRK,3 Hrs,MTWRF,10:00AM - 11:45AM,Jan 3 - Feb 4,"Sharpley Jr,George Allen"
ECON303010,LEC,Intermediate Macroeconomic Theory,NEWRK,3 Hrs,MTWRF,10:00AM - 11:45AM,Jan 3 - Feb 4,"Mccandless,George Thomas"
ECON308010,LEC,Banking and Monetary Policy,NEWRK,3 Hrs,MTWRF,2:00PM - 3:45PM,Jan 3 - Feb 4,"Haynes,Kievina Kristina"
ECON308010,LEC,Banking and Monetary Policy,NEWRK,3 Hrs,MTWRF,2:00PM - 3:45PM,Jan 3 - Feb 4,"Haynes,Kievina Kristina"
ECON317010,LEC,Latin American Economics,NEWRK,3 Hrs,MTWRF,2:00PM - 3:45PM,Jan 3 - Feb 4,"Mccandless,George Thomas"
EDUC230010,LEC,Introduction to Exceptional Children,NEWRK,3 Hrs,MTWR,10:00AM - 12:00PM,Jan 3 - Feb 4,"Allison,Gary Stephen"
EDUC366000,IND,Independent Study,NEWRK,1-6 Hrs,ASYN,12:00AM - 12:00AM,Jan 3 - Feb 4,Staff
EDUC414010,LEC,Teaching Exceptional Adolescents,NEWRK,3 Hrs,MTWR,1:00PM - 3:00PM,Jan 3 - Feb 4,"Allison,Gary Stephen"
EDUC439010,LEC,Educational Technology Topics: AUGMENTED REALITY,NEWRK,3 Hrs,ASYN,12:00AM - 12:00AM,Jan 3 - Feb 4,"Hofstetter,Fred T"
EDUC439011,LEC,Educational Technology Topics: AUGMENTED REALITY,NEWRK,3 Hrs,TR,5:00PM - 6:15PM,Jan 3 - Feb 4,"Hofstetter,Fred T"
EDUC440010,LEC,Literacy Instruction for English Language Learners,NEWRK,3 Hrs,ASYN,12:00AM - 12:00AM,Jan 3 - Feb 4,"Pasquarella,Adrian Domenic K"
EDUC451010,LEC,Educational Assessment for Classroom Teachers,NEWRK,3 Hrs,MW,12:20PM - 1:10PM,Jan 3 - Feb 4,"Kotch-Jester,Stephanie Ann"
EDUC466000,IND,Independent Study,NEWRK,1-6 Hrs,ASYN,12:00AM - 12:00AM,Jan 3 - Feb 4,Staff
EDUC467010,LEC,SEMINAR: K-8 TEACHING INTERNSHIP,NEWRK,1-6 Hrs,MTWRF ,8:00AM - 4:00PM ,Jan 3 - Feb 4 ,"Kotch-Jester,Stephanie Ann"
EDUC469080,RSC,Research Internship Experience,NEWRK,3 Hrs,ASYN,12:00AM - 12:00AM,Jan 3 - Feb 4,Staff
EDUC614010,LEC,Teaching Exceptional Adolescents,NEWRK,3 Hrs,MTWR,1:00PM - 3:00PM,Jan 3 - Feb 4,"Allison,Gary Stephen"
EDUC623010,LEC,Applied Human Development in the Schools,NEWRK,3 Hrs,ASYN,12:00AM - 12:00AM,Jan 3 - Feb 4,"Lavigne,Nancy C"
EDUC639010,LEC,Educational Technology Topics: AUGMENTED REALITY,NEWRK,3 Hrs,ASYN,12:00AM - 12:00AM,Jan 3 - Feb 4,"Hofstetter,Fred T"
EDUC639011,LEC,Educational Technology Topics: AUGMENTED REALITY,NEWRK,3 Hrs,TR,5:00PM - 6:15PM,Jan 3 - Feb 4,"Hofstetter,Fred T"
EDUC666000,IND,Special Problem,NEWRK,1-12 Hrs,ASYN,12:00AM - 12:00AM,Jan 3 - Feb 4,Staff
EDUC669010,LEC,Engagement in the General Curriculum for Students with Severe Disabilities,NEWRK,3 Hrs,M,5:00PM - 7:00PM,Jan 3 - Feb 4,"Mallory,Sarah"
EDUC673011,LEC,School-to-Adult Life Transitions & Disability,NEWRK,3 Hrs,ASYN,12:00AM - 12:00AM,Jan 3 - Feb 4,"Eisenman,Laura T"
EDUC814010,LEC,Psychological Assessment of Children,NEWRK,3 Hrs,MTW,5:00PM - 8:00PM,Jan 3 - Feb 4,Staff
EDUC818010,LEC,Educational Technology Foundations,NEWRK,3 Hrs,TR,6:30PM - 7:45PM,Jan 3 - Feb 4,"Hofstetter,Fred T"
EDUC866000,IND,SPECIAL PROBLEM,NEWRK,1-12 Hrs,ASYN,12:00AM - 12:00AM,Jan 3 - Feb 4,Staff
EDUC880000,IND,Education Leadership Portfolio I,NEWRK,4 Hrs,ASYN,12:00AM - 12:00AM,Jan 3 - Feb 4,Staff
EDUC881000,IND,Education Leadership Portfolio II,NEWRK,4 Hrs,ASYN,12:00AM - 12:00AM,Jan 3 - Feb 4,Staff
EDUC882000,IND,Education Leadership Portfolio III,NEWRK,2 Hrs,ASYN,12:00AM - 12:00AM,Jan 3 - Feb 4,Staff
EDUC891010,LEC,Organizational Problem Analysis and Planning in Education,NEWRK,3 Hrs,W,5:00PM - 10:00PM,Jan 3 - Feb 4,"Bailes,Lauren Paige"
EDUC964000,IND,Pre-Candidacy Study,NEWRK,3-12 Hrs,ASYN,12:00AM - 12:00AM,Jan 3 - Feb 4,Staff
EDUC969000,IND,Doctoral Dissertation,NEWRK,1-12 Hrs,ASYN,12:00AM - 12:00AM,Jan 3 - Feb 4,Staff
EGGG367070,LEC,SEMINAR: International EGGG Internship,NEWRK,3 Hrs,,Canceled,,
ELEG366000,IND,Independent Study,NEWRK,1-6 Hrs,ASYN,12:00AM - 12:00AM,Jan 3 - Feb 4,Staff
ELEG466000,IND,Independent Study,NEWRK,1-6 Hrs,ASYN,12:00AM - 12:00AM,Jan 3 - Feb 4,Staff
ELEG666000,IND,SPECIAL PROBLEM,NEWRK,1-12 Hrs,ASYN,12:00AM - 12:00AM,Jan 3 - Feb 4,Staff
ELEG666001,IND,SPECIAL PROBLEM,NEWRK,1-12 Hrs,TBD,,Jan 3 - Feb 4,"Fang,Hui"
ELEG866000,IND,SPECIAL PROBLEM,NEWRK,1-12 Hrs,ASYN,12:00AM - 12:00AM,Jan 3 - Feb 4,Staff
ELEG868000,RSC,Research,NEWRK,1-6 Hrs,ASYN,12:00AM - 12:00AM,Jan 3 - Feb 4,Staff
ELEG869000,IND,Master's Thesis,NEWRK,1-6 Hrs,ASYN,12:00AM - 12:00AM,Jan 3 - Feb 4,Staff
ELEG964000,IND,Pre-Candidacy Study,NEWRK,3-12 Hrs,ASYN,12:00AM - 12:00AM,Jan 3 - Feb 4,Staff
ELEG969000,IND,Doctoral Dissertation,NEWRK,1-12 Hrs,ASYN,12:00AM - 12:00AM,Jan 3 - Feb 4,Staff
ENEP667070,LEC,Seminar,NEWRK,3 Hrs,TBD,,Jan 3 - Feb 4,"Shah,Kalim"
ENGL110010,LEC,Seminar in Composition,NEWRK,3 Hrs,ASYN,12:00AM - 12:00AM,Jan 3 - Feb 4,"Wilson,Arline Natalie"
ENGL110011,LEC,Seminar in Composition,NEWRK,3 Hrs,MTWRF,10:00AM - 11:45AM,Jan 3 - Feb 4,"Oz,Seda"
ENGL110012,LEC,Seminar in Composition,NEWRK,3 Hrs,ASYN,12:00AM - 12:00AM,Jan 3 - Feb 4,"Bragg,Nicolette"
ENGL151061,LEC,Studies in Popular Fiction: CREATING HORROR,NEWRK,3 Hrs,MTWRF,10:00AM - 11:45AM,Jan 3 - Feb 4,"Miller,George Eric"
ENGL202070,LEC,Biblical and Classical Literature,NEWRK,3 Hrs,TBD,12:00AM - 12:00AM,Jan 3 - Feb 4,"Satran,David R"
ENGL208070,LEC,Introduction to Drama,NEWRK,3 Hrs,TBD,12:00AM - 12:00AM,Jan 3 - Feb 4,"Halio,Jay Leon"
ENGL217010,LEC,Introduction to Film,NEWRK,3 Hrs,TWR,1:00PM - 4:00PM,Jan 3 - Feb 4,"Oz,Seda"
ENGL230061,LEC,Introduction to Environmental Humanities,NEWRK,3 Hrs,MTWRF,10:00AM - 11:45AM,Jan 3 - Feb 4,"Jenkins,Mckay B"
ENGL280061,LEC,Approaches to Literature for Non-Majors,NEWRK,3 Hrs,MTWRF,12:00PM - 1:45PM,Jan 3 - Feb 4,"McKenna III,Bernard J"
ENGL280062,LEC,Approaches to Literature for Non-Majors,NEWRK,3 Hrs,ASYN,12:00AM - 12:00AM,Jan 3 - Feb 4,"Spaulding,Asa Timothy"
ENGL280062,LEC,Approaches to Literature for Non-Majors,NEWRK,3 Hrs,ASYN,12:00AM - 12:00AM,Jan 3 - Feb 4,"Spaulding,Asa Timothy"
ENGL301070,LEC,Advanced Writing,NEWRK,3 Hrs,TBD,12:00AM - 12:00AM,Jan 3 - Feb 4,"McCamley,Max Michael"
ENGL301071,LEC,Advanced Writing,NEWRK,3 Hrs,TBD,12:00AM - 12:00AM,Jan 3 - Feb 4,"Bunnell,Charlene"
ENGL312060,LEC,Written Communications in Business,NEWRK,3 Hrs,ASYN,12:00AM - 12:00AM,Jan 3 - Feb 4,"Dill,Lisa Gleysteen"
ENGL312061,LEC,Written Communications in Business,NEWRK,3 Hrs,ASYN,12:00AM - 12:00AM,Jan 3 - Feb 4,"Rivers,William J"
ENGL312070,LEC,Written Communications in Business,NEWRK,3 Hrs,TBD,12:00AM - 12:00AM,Jan 3 - Feb 4,"Barua,Mahasveta"
ENGL371061,LEC,Studies in Fiction: TOLKIEN'S WORKS,NEWRK,3 Hrs,MTWRF,10:00AM - 11:45AM,Jan 3 - Feb 4,"McKenna III,Bernard J"
ENGL380070,LEC,Women Writers,NEWRK,3 Hrs,TBD,12:00AM - 12:00AM,Jan 3 - Feb 4,"Barua,Mahasveta"
ENGL409061,LEC,Topics in Journalism: ENVIRONMENTAL JOURNALISM,NEWRK,3 Hrs,MTWRF,2:00PM - 3:45PM,Jan 3 - Feb 4,"Jenkins,Mckay B"
ENGL410060,LEC,Technical Writing,NEWRK,3 Hrs,ASYN,,Jan 3 - Feb 4,"Dill,Lisa Gleysteen"
ENGL410061,LEC,Technical Writing,NEWRK,3 Hrs,ASYN,12:00AM - 12:00AM,Jan 3 - Feb 4,"Rinkevich,Matthew James"
ENSC464000,INT,Environmental Internship,NEWRK,3-6 Hrs,TBD,12:00AM - 12:00AM,Jan 3 - Feb 4,Staff
ENTR150194,LEC,Business Basics for Entrepreneurs,NEWRK,4 Hrs,ASYN,12:00AM - 12:00AM,Jan 3 - Feb 4,"Freeman,Daniel J"
ENTR150195,LEC,Business Basics for Entrepreneurs,NEWRK,4 Hrs,ASYN,12:00AM - 12:00AM,Jan 3 - Feb 4,"Freeman,Daniel J"
ENTR155194,LEC,Start Up of the Professional You,NEWRK,1 Hrs,ASYN,12:00AM - 12:00AM,Jan 3 - Feb 4,"Pante,Jill Marie"
ENTR155195,LEC,Start Up of the Professional You,NEWRK,1 Hrs,ASYN,12:00AM - 12:00AM,Jan 3 - Feb 4,"Pante,Jill Marie"
ENTR156194D,DIS,From Ideas to Action,NEWRK,1 Hrs,ASYN,,Jan 3 - Feb 4,"Jacobs,Justin Robert"
ENTR156195D,DIS,From Ideas to Action,NEWRK,1 Hrs,ASYN,,Jan 3 - Feb 4,"Jacobs,Justin Robert"
ENTR157194D,DIS,Venturing for Good,NEWRK,1 Hrs,ASYN,,Jan 3 - Feb 4,"Frieswyk,Julie"
ENTR157195D,DIS,Venturing for Good,NEWRK,1 Hrs,ASYN,,Jan 3 - Feb 4,"Frieswyk,Julie"
ENTR253010D,DIS,Individual Leadership - Building a Foundation for Success,NEWRK,3 Hrs,ASYN,12:00AM - 12:00AM,Jan 3 - Feb 4,"Middlebrooks,Anthony Eric"
ENTR350010,LEC,Introduction to Entrepreneurship,NEWRK,3 Hrs,MTWRF,8:00AM - 9:45AM,Jan 3 - Feb 4,"Parikh,Mona A"
ENTR350011,LEC,Introduction to Entrepreneurship,NEWRK,3 Hrs,MTWRF,10:00AM - 11:45AM,Jan 3 - Feb 4,"O'Hara,Linda A"
ENTR356010,LEC,Creativity and Design Thinking,NEWRK,3 Hrs,ASYN,,Jan 3 - Feb 4,"Middlebrooks,Anthony Eric"
ENTR364194,INT,Entrepreneurship in Practice: Internship,NEWRK,3 Hrs,ASYN,,Jan 3 - Feb 4,"Pante,Jill Marie"
ENTR364195,INT,Entrepreneurship in Practice: Internship,NEWRK,3 Hrs,ASYN,,Jan 3 - Feb 4,Staff
ENTR420010D,DIS,Social Entrepreneurship,NEWRK,3 Hrs,ASYN,,Jan 3 - Feb 4,"Raible,Stephanie E"
ENTR451071,LEC,Special Topics in Entrepreneurship,NEWRK,3 Hrs,TBD,12:00AM - 12:00AM,Jan 3 - Feb 4,"Measley,Nathaniel P"
ENVR464000,INT,Environmental Internship,NEWRK,3-6 Hrs,TBD,12:00AM - 12:00AM,Jan 3 - Feb 4,Staff
ENWC201194,LEC,Wildlife Conservation and Ecology,NEWRK,3 Hrs,ASYN,12:00AM - 12:00AM,Jan 3 - Feb 4,"McCarthy,Kyle Patrick"
ENWC201195,LEC,Wildlife Conservation and Ecology,NEWRK,3 Hrs,ASYN,12:00AM - 12:00AM,Jan 3 - Feb 4,"McCarthy,Kyle Patrick"
ENWC412001,LEC,Waterfowl Hunter Education,NEWRK,1 Hrs,TBD,,Jan 3 - Feb 4,"Williams,Christopher K"
ENWC466002,IND,Independent Study,NEWRK,1-6 Hrs,TBD,,Jan 3 - Feb 4,Staff
ENWC656010,LEC,Conservation Biology,NEWRK,3 Hrs,MTWR,10:00AM - 11:45AM,Jan 3 - Feb 4,"Shriver,W G."
EPID689010,PRC,Applied Practice Experience,NEWRK,3 Hrs,ASYN,,Jan 3 - Feb 4,"Horney,Jennifer"
FASH213010,LEC,Development of Contemporary Fashion: Cultural Expressions,NEWRK,3 Hrs,ASYN,12:00AM - 12:00AM,Jan 3 - Feb 4,"Orzada,Belinda T"
FASH218010,LEC,Introduction to Fashion Business,NEWRK,3 Hrs,ASYN,12:00AM - 12:00AM,Jan 3 - Feb 4,"Kim,Hye-Shin"
FASH320010,INT,Fashion and Apparel Internship,NEWRK,1-3 Hrs,ASYN,12:00AM - 12:00AM,Jan 3 - Feb 4,"Shaffer,Brenda Hudson"
FASH430010,LEC,Apparel Brand Management & Marketing,NEWRK,3 Hrs,ASYN,12:00AM - 12:00AM,Jan 3 - Feb 4,"Jung,Jaehee"
FASH455010,LEC,Global Apparel and Textile Trade and Sourcing,NEWRK,3 Hrs,ASYN,12:00AM - 12:00AM,Jan 3 - Feb 4,"Lu,Sheng"
FINC311011,LEC,Principles of Finance,NEWRK,3 Hrs,TWR,10:00AM - 12:25PM,Jan 3 - Feb 4,"Stocker,John Andrew"
FINC314050,LEC,Investments,NEWRK,3 Hrs,MW,6:00PM - 10:00PM,Jan 3 - Feb 4,"Danby,Peter Christopher"
FINC392070,LEC,Seminar on International Financial Management,NEWRK,3 Hrs,TBD,12:00AM - 12:00AM,Jan 3 - Feb 4,"Fields,Mitchell A"
FINC392071,LEC,Seminar on International Financial Management,NEWRK,3 Hrs,,Canceled,,
FINC415010,LEC,International Finance,NEWRK,3 Hrs,MWF,10:00AM - 12:25PM,Jan 3 - Feb 4,"Campbell,Terry L"
FINC615010,LEC,International Finance,NEWRK,3 Hrs,MWF,10:00AM - 12:25PM,Jan 3 - Feb 4,"Campbell,Terry L"
FINC619196,LEC,Financial Modeling and Valuation,NEWRK,3 Hrs,ASYN,12:00AM - 12:00AM,Jan 3 - Feb 4,"Stocker,John Andrew"
FINC619197,LEC,Financial Modeling and Valuation,NEWRK,3 Hrs,ASYN,12:00AM - 12:00AM,Jan 3 - Feb 4,"Stocker,John Andrew"
FREN106010,LEC,French II - Elementary/Intermediate,NEWRK,4 Hrs,MTWRF,10:30AM - 12:45PM,Jan 3 - Feb 4,"Poindexter,Flora Maxime Florent"
FREN106010,LEC,French II - Elementary/Intermediate,NEWRK,4 Hrs,MTWRF,10:30AM - 12:45PM,Jan 3 - Feb 4,"Poindexter,Flora Maxime Florent"
FREN107010,LEC,French III - Intermediate,NEWRK,4 Hrs,MTWRF,10:30AM - 12:45PM,Jan 3 - Feb 4,"Celli,Judy Anne Celano"
FREN107070,LEC,French III - Intermediate,NEWRK,4 Hrs,TBD,12:00AM - 12:00AM,Jan 3 - Feb 4,"Bell,James"
FREN206070,LEC,Culture Through Conversation,NEWRK,3 Hrs,TBD,12:00AM - 12:00AM,Jan 3 - Feb 4,"Bell,James"
FREN306070,LEC,Practical Oral/Written Expression,NEWRK,3 Hrs,TBD,12:00AM - 12:00AM,Jan 3 - Feb 4,"Bell,James"
FSAN860000,IND,Current Research Topics,NEWRK,1-9 Hrs,ASYN,,Jan 3 - Feb 4,Staff
GEOG120010,LEC,World Regional Geography,NEWRK,3 Hrs,MTWRF,2:00PM - 3:45PM,Jan 3 - Feb 4,"Thayer,Nathan Eli"
GEOG152010,LEC,Climate and Life,NEWRK,4 Hrs,MTWRF,10:30AM - 12:45PM,Jan 3 - Feb 4,"Skeeter,Walker"
GEOG352010,LEC,Refugees and Forced Migration,NEWRK,3 Hrs,MTWRF,12:00PM - 1:45PM,Jan 3 - Feb 4,"Ramsay,Georgina Kathleen"
GEOG466000,IND,Independent Study,NEWRK,1-6 Hrs,ASYN,12:00AM - 12:00AM,Jan 3 - Feb 4,Staff
GEOG466002,IND,Independent Study,NEWRK,1-6 Hrs,ASYN,12:00AM - 12:00AM,Jan 3 - Feb 4,"Veron,Dana Elizabeth"
GEOG666000,IND,SPECIAL PROBLEM,NEWRK,1-12 Hrs,ASYN,12:00AM - 12:00AM,Jan 3 - Feb 4,Staff
GEOG869000,IND,Master's Thesis,NEWRK,1-6 Hrs,ASYN,12:00AM - 12:00AM,Jan 3 - Feb 4,Staff
GEOL105010,LEC,Geological Hazards and Their Human Impact,NEWRK,3 Hrs,MTWRF,10:00AM - 11:45AM,Jan 3 - Feb 4,Staff
GEOL108010,LEC,Volcanoes and Earthquakes,NEWRK,3 Hrs,ASYN,12:00AM - 12:00AM,Jan 3 - Feb 4,Staff
GEOL115010L,LAB,Geological Hazards Laboratory,NEWRK,1 Hrs,MW,12:00PM - 2:30PM,Jan 3 - Feb 4,Staff
GEOL115011L,LAB,Geological Hazards Laboratory,NEWRK,1 Hrs,MW,3:00PM - 5:30PM,Jan 3 - Feb 4,Staff
GEOL115012L,LAB,Geological Hazards Laboratory,NEWRK,1 Hrs,TR,12:00PM - 2:30PM,Jan 3 - Feb 4,Staff
GEOL115013L,LAB,Geological Hazards Laboratory,NEWRK,1 Hrs,TR,3:00PM - 5:30PM,Jan 3 - Feb 4,Staff
GEOL115014L,LAB,Geological Hazards Laboratory,NEWRK,1 Hrs,MW,6:00PM - 8:30PM,Jan 3 - Feb 4,Staff
GEOL115015L,LAB,Geological Hazards Laboratory,NEWRK,1 Hrs,TR,6:00PM - 8:30PM,Jan 3 - Feb 4,Staff
GRMN106070,LEC,German II - Elementary/Intermediate,NEWRK,4 Hrs,TBD,12:00AM - 12:00AM,Jan 3 - Feb 4,"Toole,Ruth A"
GRMN107010,LEC,German III - Intermediate,NEWRK,4 Hrs,MTWRF,10:30AM - 12:45PM,Jan 3 - Feb 4,"Busch,Iris"
GRMN107070,LEC,German III - Intermediate,NEWRK,4 Hrs,TBD,12:00AM - 12:00AM,Jan 3 - Feb 4,"Bell,James"
GRMN206070,LEC,Culture Through Conversation,NEWRK,3 Hrs,MTWRF,12:00PM - 1:45PM,Jan 3 - Feb 4,"Toole,Ruth A"
GRMN208070,LEC,Contemporary Germany I,NEWRK,3 Hrs,MTWRF,2:00PM - 3:45PM,Jan 3 - Feb 4,Staff
GRMN355070,LEC,Special Topics,NEWRK,3 Hrs,TBD,,Jan 3 - Feb 4,Staff
HDFS201194,LEC,Life Span Development,NEWRK,3 Hrs,ASYN,12:00AM - 12:00AM,Jan 3 - Feb 4,"Gordon,Mellissa Sasha Marie"
HDFS201195,LEC,Life Span Development,NEWRK,3 Hrs,ASYN,12:00AM - 12:00AM,Jan 3 - Feb 4,"Gordon,Mellissa Sasha Marie"
HDFS202194,LEC,Diversity and Families,NEWRK,3 Hrs,ASYN,12:00AM - 12:00AM,Jan 3 - Feb 4,"Sherif-Trask,Bahira"
HDFS202195,LEC,Diversity and Families,NEWRK,3 Hrs,ASYN,12:00AM - 12:00AM,Jan 3 - Feb 4,"Sherif-Trask,Bahira"
HDFS203010,LEC,"Racial Identity, Bias and the Self",NEWRK,3 Hrs,,Canceled,,
HDFS223010,LEC,Foundations of Child Development,NEWRK,3 Hrs,MW,10:00AM - 2:00PM,Jan 3 - Feb 4,"Buell,Martha J."
HDFS230061,LEC,Families and Their Communities,NEWRK,3 Hrs,TR,12:00PM - 4:00PM,Jan 3 - Feb 4,"Fleury,Ruth E"
HDFS270194,LEC,Families and Developmental Disabilities,NEWRK,3 Hrs,ASYN,,Jan 3 - Feb 4,"Johnson,Bridgette G"
HDFS270195,LEC,Families and Developmental Disabilities,NEWRK,3 Hrs,ASYN,,Jan 3 - Feb 4,"Johnson,Bridgette G"
HDFS334194,LEC,Experiential Education,NEWRK,3 Hrs,ASYN,,Jan 3 - Feb 4,"Dolan,Danielle Troise"
HDFS334195,LEC,Experiential Education,NEWRK,3 Hrs,ASYN,,Jan 3 - Feb 4,"Dolan,Danielle Troise"
HDFS347194,LEC,Program Development and Evaluation,NEWRK,3 Hrs,ASYN,12:00AM - 12:00AM,Jan 3 - Feb 4,"Hallam,Rena Ann"
HDFS347195,LEC,Program Development and Evaluation,NEWRK,3 Hrs,ASYN,12:00AM - 12:00AM,Jan 3 - Feb 4,"Hallam,Rena Ann"
HDFS436010,PRC,Practicum I in Early Childhood Development,NEWRK,4 Hrs,ASYN,12:00AM - 12:00AM,Jan 3 - Feb 4,"Worden,Lynn J"
HDFS645194,LEC,Programming for Young Children with Special Needs,NEWRK,3 Hrs,ASYN,,Jan 3 - Feb 4,"Johnson,Bridgette G"
HIST102010,LEC,Europe and the World since 1648,NEWRK,3 Hrs,MTWRF,12:00PM - 1:45PM,Jan 3 - Feb 4,"Haidinger,Brendan William"
HIST103010,LEC,World History to 1400,NEWRK,3 Hrs,MTWRF,10:00AM - 11:45AM,Jan 3 - Feb 4,"Jensen,Jennifer Anne"
HIST104010,LEC,World History since 1400,NEWRK,3 Hrs,MTWRF,2:00PM - 3:45PM,Jan 3 - Feb 4,"Tomak,Benjamin C"
HIST106010,LEC,U.S. History Since 1865,NEWRK,3 Hrs,MTWRF,12:00PM - 1:45PM,Jan 3 - Feb 4,"Wollet,Benjamin Wilkens"
HIST135010,LEC,Introduction to Latin American History,NEWRK,3 Hrs,ASYN,12:00AM - 12:00AM,Jan 3 - Feb 4,"Richter,Daniel Alex"
HIST137010,LEC,East Asian Civilization:  China,NEWRK,3 Hrs,MTWRF,10:00AM - 11:45AM,Jan 3 - Feb 4,"Wang,Yuanchong"
HIST190010,LEC,History of the Future,NEWRK,3 Hrs,MTWR,7:00PM - 9:00PM,Jan 3 - Feb 4,"Storm,Rachael Anne"
HIST190010,LEC,History of the Future,NEWRK,3 Hrs,MTWR,7:00PM - 9:00PM,Jan 3 - Feb 4,"Storm,Rachael Anne"
HIST211010,LEC,American Military History,NEWRK,3 Hrs,ASYN,12:00AM - 12:00AM,Jan 3 - Feb 4,"Colbourn,Colin"
HIST221010,LEC,Film and American Society,NEWRK,3 Hrs,ASYN,12:00AM - 12:00AM,Jan 3 - Feb 4,"Johanningsmeier,Edward"
HIST300010,LEC,Women in American History,NEWRK,3 Hrs,ASYN,12:00AM - 12:00AM,Jan 3 - Feb 4,"Maestri,Melissa A"
HIST314010,LEC,"The United States, 1914 - 1945",NEWRK,3 Hrs,ASYN,,Jan 3 - Feb 4,"Lanctot,Neil John"
HIST318010,LEC,Colonial America,NEWRK,3 Hrs,MTWRF,10:00AM - 11:45AM,Jan 3 - Feb 4,"Bendler,Bruce Arthur"
HIST318080,LEC,Colonial America,NEWRK,3 Hrs,MTWRF,10:00AM - 11:45AM,Jan 3 - Feb 4,"Bendler,Bruce Arthur"
HIST339072,LEC,Topics in European History: FRANCE,NEWRK,3 Hrs,TBD,12:00AM - 12:00AM,Jan 3 - Feb 4,"Toole,Ruth A"
HIST343010,LEC,Medieval Europe:  1050-1350,NEWRK,3 Hrs,ASYN,,Jan 3 - Feb 4,"Frassetto,Michael Chester"
HIST343080,LEC,Medieval Europe:  1050-1350,NEWRK,3 Hrs,ASYN,,Jan 3 - Feb 4,"Frassetto,Michael Chester"
HIST366000,IND,Independent Study,NEWRK,1-6 Hrs,ASYN,12:00AM - 12:00AM,Jan 3 - Feb 4,Staff
HLTH241010,LEC,Ethical Aspects of Healthcare,NEWRK,3 Hrs,TWR,10:00AM - 11:45AM,Jan 3 - Feb 4,"Royer,Todd Douglas"
HLTH245070,LEC,Cultural Awareness for Health and Healthcare,NEWRK,3 Hrs,TBD,,Jan 3 - Feb 4,"Hagstrom,Amy Teresa"
HLTH245194,LEC,Cultural Awareness for Health and Healthcare,NEWRK,3 Hrs,TBD,,Jan 3 - Feb 4,"Hagstrom,Amy Teresa"
HLTH315070,LEC,Global Health and Healthcare,NEWRK,3 Hrs,TBD,,Jan 3 - Feb 4,"Hagstrom,Amy Teresa"
HLTH492071,LEC,International Healthcare Practicum,NEWRK,3 Hrs,TBD,,Jan 3 - Feb 4,"Lehman,Donald C"
HOSP316071,LEC,Intercultural Management and Business Etiquette,NEWRK,3 Hrs,TBD,12:00AM - 12:00AM,Jan 3 - Feb 4,"Kwansa,Francis A"
HOSP328070,LEC,International Cuisine and Culture,NEWRK,3 Hrs,TBD,12:00AM - 12:00AM,Jan 3 - Feb 4,"Waller,Nicholas Duncan"
HOSP419070,LEC,Advanced Wine and Beverage Management,NEWRK,3 Hrs,TBD,12:00AM - 12:00AM,Jan 3 - Feb 4,"Waller,Nicholas Duncan"
ITAL107010,LEC,Italian III - Intermediate,NEWRK,4 Hrs,MTWRF,10:30AM - 12:45PM,Jan 3 - Feb 4,"Morrione,Roberta"
ITAL167070,LEC,SEMINAR: ITALIAN FOR STUDY ABROAD,NEWRK,1 Hrs,TBD,,Jan 3 - Feb 4,"Saggese,Riccarda"
JAPN106010,LEC,Japanese II - Elementary/Intermediate,NEWRK,4 Hrs,MTWRF,1:00PM - 3:15PM,Jan 3 - Feb 4,"VanLuvanee,Eric Mark"
KAAP220010,LEC,Fundamentals of Anatomy and Physiology I,NEWRK,3 Hrs,TR,10:00AM - 11:45AM,Jan 3 - Feb 4,"Greska,Eric"
KAAP221010,LEC,Fundamentals of Anatomy and Physiology II,NEWRK,3 Hrs,TWR,12:00PM - 1:45PM,Jan 3 - Feb 4,"Lennon,Shannon L."
KAAP305010,LEC,Fundamentals of Sports Health Care,NEWRK,3 Hrs,MWF ,1:15PM - 2:45PM ,Jan 3 - Feb 4 ,"Wisthoff,Bethany Anne"
KAAP309010,LEC,Human Anatomy and Physiology I,NEWRK,4 Hrs,TR,2:00PM - 3:45PM,Jan 3 - Feb 4,"Greska,Eric"
KAAP309020L,LAB,Human Anatomy and Physiology I,NEWRK,4 Hrs,TR,4:00PM - 5:45PM,Jan 3 - Feb 4,"Greska,Eric"
KAAP310010,LEC,Human Anatomy & Physiology II,NEWRK,4 Hrs,TR,10:00AM - 11:45AM,Jan 3 - Feb 4,"Williamson,Sheara"
KAAP310020L,LAB,Human Anatomy & Physiology II,NEWRK,4 Hrs,TR,12:00PM - 1:45PM,Jan 3 - Feb 4,"Williamson,Sheara"
KAAP320010,LEC,Principles of Strength/Conditioning,NEWRK,3 Hrs,MTWRF,12:00PM - 1:45PM,Jan 3 - Feb 4,"Schneider,Jeffrey Aaron"
KAAP430010,LEC,Exercise Physiology,NEWRK,4 Hrs,MW,12:00PM - 1:45PM,Jan 3 - Feb 4,"Edwards,David George"
KAAP430020L,LAB,Exercise Physiology,NEWRK,4 Hrs,MW,10:00AM - 11:45AM,Jan 3 - Feb 4,Staff
KAAP440071,LEC,Topics in Exercise Science: INT'L PERSPECTIVES/SPORTS MEDS,NEWRK,3 Hrs,,Canceled,,
KAAP455070,LEC,Advanced Physiology of Exercise,NEWRK,3 Hrs,,Canceled,,
KAAP462010L,LAB,Practicum in Strength and Conditioning,NEWRK,3 Hrs,TBD,,Jan 3 - Feb 4,"Schneider,Jeffrey Aaron"
KAAP468000,IND,Senior Special Topics,NEWRK,1-4 Hrs,ASYN,12:00AM - 12:00AM,Jan 3 - Feb 4,Staff
KAAP485000,IND,Research in Exercise Science,NEWRK,1-3 Hrs,TBD,,-,Staff
KAAP622010,LEC,Lower Extremity and Spine Evaluation with Lab,NEWRK,4 Hrs,MTWRF,8:00AM - 9:30AM,Jan 3 - Feb 4,"Kaminski,Thomas William"
KAAP622020L,LAB,Lower Extremity and Spine Evaluation with Lab,NEWRK,4 Hrs,MTWRF,9:30AM - 10:30AM,Jan 3 - Feb 4,"Stant,Michael Francis"
KAAP623010,LEC,Rehabilitation of Athletic Injuries I,NEWRK,3 Hrs,MTWRF,11:30AM - 1:00PM,Jan 3 - Feb 4,"DeSantis,Brandon Matthew"
KAAP671010,INT,Clinical Exercise Physiology Internship,NEWRK,1-12 Hrs,ASYN,12:00AM - 12:00AM,Jan 3 - Feb 4,"Scotolati,Guy James"
KAAP679010,LEC,Primary Preventive Medicine Strategies,NEWRK,3 Hrs,TR ,8:00AM - 9:15AM ,Jan 3 - Feb 4 ,"Scotolati,Guy James"
KAAP681010,LEC,Exercise Testing and Prescription Clinical Competencies Portfolio,NEWRK,1 Hrs,ASYN,12:00AM - 12:00AM,Jan 3 - Feb 4,"Overstreet,Brittany Star"
KAAP868000,RSC,Research,NEWRK,1-12 Hrs,TBD,12:00AM - 12:00AM,Jan 3 - Feb 4,Staff
LARC150010,STD,Representation 2: CAD for Site Design,NEWRK,3 Hrs,MTWRF,6:30PM - 8:15PM,Jan 3 - Feb 4,"Hammaker,Zachery"
LARC166000,IND,Independent Study,NEWRK,1-6 Hrs,ASYN,12:00AM - 12:00AM,Jan 3 - Feb 4,Staff
LARC266000,IND,Independent Study,NEWRK,1-6 Hrs,ASYN,12:00AM - 12:00AM,Jan 3 - Feb 4,Staff
LARC366000,IND,Independent Study,NEWRK,1-6 Hrs,ASYN,12:00AM - 12:00AM,Jan 3 - Feb 4,Staff
LARC455010,LEC,Theory & Research Applications in Landscape Architecture,NEWRK,1 Hrs,MW,10:30AM - 11:50AM,Jan 3 - Feb 4,"Bardenhagen,Eric"
LARC455010,LEC,Theory & Research Applications in Landscape Architecture,NEWRK,1 Hrs,MW,10:30AM - 11:50AM,Jan 3 - Feb 4,"Bardenhagen,Eric"
LARC466000,IND,Independent Study,NEWRK,1-6 Hrs,ASYN,12:00AM - 12:00AM,Jan 3 - Feb 4,Staff
LEAD100010,LEC,"Leadership, Integrity and Change",NEWRK,3 Hrs,MWF,1:00PM - 3:30PM,Jan 3 - Feb 4,"Morrison,James L"
LEAD101070,LEC,Global Contexts for Leadership,NEWRK,3 Hrs,TBD,,Jan 3 - Feb 4,"Stein,Karen F"
LEAD166000,IND,SPECIAL PROBLEM,NEWRK,1-3 Hrs,ASYN,12:00AM - 12:00AM,Jan 3 - Feb 4,Staff
LEAD200010,LEC,The Leadership Challenge,NEWRK,3 Hrs,ASYN,,Jan 3 - Feb 4,"Case Lilly,Jane"
LEAD209010,LEC,Presentation Strategies,NEWRK,3 Hrs,ASYN,12:00AM - 12:00AM,Jan 3 - Feb 4,"Burke,David R"
LEAD253010D,DIS,Individual Leadership - Building a Foundation for Success,NEWRK,3 Hrs,ASYN,12:00AM - 12:00AM,Jan 3 - Feb 4,"Middlebrooks,Anthony Eric"
LEAD266000,IND,SPECIAL PROBLEM,NEWRK,1-3 Hrs,ASYN,12:00AM - 12:00AM,Jan 3 - Feb 4,Staff
LEAD300010,LEC,"Leadership, Creativity, and Innovation",NEWRK,3 Hrs,ASYN,12:00AM - 12:00AM,Jan 3 - Feb 4,"Middlebrooks,Anthony Eric"
LEAD300070,LEC,"Leadership, Creativity, and Innovation",NEWRK,3 Hrs,TBD,,Jan 3 - Feb 4,"Stein,Karen F"
LEAD340010,LEC,Leadership Internship,NEWRK,3-6 Hrs,ASYN,12:00AM - 12:00AM,Jan 3 - Feb 4,"Middlebrooks,Anthony Eric"
LEAD366000,IND,Independent Study,NEWRK,1-6 Hrs,ASYN,12:00AM - 12:00AM,Jan 3 - Feb 4,Staff
LEAD367070,LEC,SEMINAR,NEWRK,3 Hrs,TBD,,Jan 3 - Feb 4,"Stein,Karen F"
LING101061,LEC,Introduction to Linguistics I,NEWRK,3 Hrs,MTWRF,10:00AM - 11:45AM,Jan 3 - Feb 4,"Bruening,Benjamin T"
LING102070,LEC,"Language, Mind and Society",NEWRK,3 Hrs,TBD,12:00AM - 12:00AM,Jan 3 - Feb 4,"Straitman,Nina Pahl"
LING202061,LEC,Science of Language,NEWRK,3 Hrs,MTWRF,2:00PM - 3:45PM,Jan 3 - Feb 4,"Sarkar,Sreeparna"
LING366000,IND,Independent Study,NEWRK,1-6 Hrs,ASYN,12:00AM - 12:00AM,Jan 3 - Feb 4,Staff
LING624010,LEC,Second Language Testing,NEWRK,3 Hrs,MWF,6:00PM - 8:00PM,Jan 3 - Feb 4,"Fields,Michael Ronald"
LLCU106010,LEC,Modern Language II - Elementary/Intermediate: KOREAN FOR BEGINNERS 2,NEWRK,4 Hrs,MTWRF,10:30AM - 12:45PM,Jan 3 - Feb 4,"Yoon,Sunmin"
LLCU207070,FLD,Cultures in Context - Multicultural: FRENCH,NEWRK,3 Hrs,TBD,,Jan 3 - Feb 4,"Poindexter,Flora Maxime Florent"
LLCU208070,FLD,Cultures in Context: GERMAN,NEWRK,3 Hrs,TBD,,Jan 3 - Feb 4,"Finney,Victoria"
LLCU330070,LEC,Topics: World Literatures and Cultures: COMPETITION IN ANCIENT GREECE,NEWRK,3 Hrs,TBD,12:00AM - 12:00AM,Jan 3 - Feb 4,"Sukava,Tyson James"
LLCU624010,LEC,Second Language Testing,NEWRK,3 Hrs,MWF,6:00PM - 8:00PM,Jan 3 - Feb 4,"Fields,Michael Ronald"
MALS619010,LEC,Topics: Science in Society,NEWRK,3 Hrs,TR,5:30PM - 9:15PM,Jan 3 - Feb 4,"Bhatia,Sujata K"
MALS619011,LEC,Topics: Science in Society,NEWRK,3 Hrs,TR,5:30PM - 9:15PM,Jan 3 - Feb 4,"Bhatia,Sujata K"
MALS869000,IND,Master's Thesis,NEWRK,1-6 Hrs,ASYN,12:00AM - 12:00AM,Jan 3 - Feb 4,Staff
MALS879000,IND,Project,NEWRK,1-6 Hrs,ASYN,12:00AM - 12:00AM,Jan 3 - Feb 4,Staff
MATH114010,LEC,College Mathematics and Statistics,NEWRK,3 Hrs,MTWRF,10:00AM - 11:45AM,Jan 3 - Feb 4,"Kataboh,Pascal Kingsley"
MATH114011,LEC,College Mathematics and Statistics,NEWRK,3 Hrs,MTWRF,1:00PM - 2:45PM,Jan 3 - Feb 4,"Li,Dongbin"
MATH115010,LEC,Pre-Calculus,NEWRK,3 Hrs,MTWRF,10:00AM - 11:45AM,Jan 3 - Feb 4,"Weaver,Andrea"
MATH115710,LEC,Pre-Calculus,WILM,3 Hrs,MTWRF,10:00AM - 11:45AM,Jan 3 - Feb 4,"Thompson,Brad"
MATH210010,LEC,Discrete Mathematics I,NEWRK,3 Hrs,ASYN,,Jan 3 - Feb 4,"Coulter,Robert Scott"
MATH210011,LEC,Discrete Mathematics I,NEWRK,3 Hrs,MTWRF,10:30AM - 12:45PM,Jan 3 - Feb 4,"Roehm,Jerome"
MATH221010,LEC,Calculus I,NEWRK,3 Hrs,MTWRF,10:30AM - 12:45PM,Jan 3 - Feb 4,"Mim,Mutasim"
MATH221011,LEC,Calculus I,NEWRK,3 Hrs,MTWRF,12:00PM - 2:15PM,Jan 3 - Feb 4,"Mukherjee,Avishek"
MATH221012,LEC,Calculus I,NEWRK,3 Hrs,MTWRF,2:00PM - 4:15PM,Jan 3 - Feb 4,"Hayes,Daniel"
MATH221013,LEC,Calculus I,NEWRK,3 Hrs,MTWRF,12:00PM - 2:15PM,Jan 3 - Feb 4,"Xu,Boyang"
MATH230010,LEC,Finite Mathematics with Applications,NEWRK,3 Hrs,MTWRF,10:30AM - 12:45PM,Jan 3 - Feb 4,"Joshi,Kamal"
MATH230011,LEC,Finite Mathematics with Applications,NEWRK,3 Hrs,MTWRF,2:30PM - 4:45PM,Jan 3 - Feb 4,"Joshi,Kamal"
MATH241010,LEC,Analytic Geometry and Calculus A,NEWRK,4 Hrs,MTWRF,8:00AM - 10:15AM,Jan 3 - Feb 4,"Troy,Jerome Robert"
MATH241011,LEC,Analytic Geometry and Calculus A,NEWRK,4 Hrs,MTWRF,10:30AM - 12:45PM,Jan 3 - Feb 4,"Taranchuk,Vladislav"
MATH241012,LEC,Analytic Geometry and Calculus A,NEWRK,4 Hrs,,Canceled,,
MATH241020D,DIS,Analytic Geometry and Calculus A,NEWRK,4 Hrs,TR,12:00PM - 1:30PM,Jan 3 - Feb 4,"Troy,Jerome Robert"
MATH241030D,DIS,Analytic Geometry and Calculus A,NEWRK,4 Hrs,TR,2:00PM - 3:30PM,Jan 3 - Feb 4,"Taranchuk,Vladislav"
MATH241040D,DIS,Analytic Geometry and Calculus A,NEWRK,4 Hrs,,Canceled,,
MATH242010,LEC,Analytic Geometry and Calculus B,NEWRK,4 Hrs,MTWRF,8:00AM - 10:15AM,Jan 3 - Feb 4,"Gupta,Himanshu"
MATH242011,LEC,Analytic Geometry and Calculus B,NEWRK,4 Hrs,MTWRF,10:30AM - 12:45PM,Jan 3 - Feb 4,"Guillot,Dominique"
MATH242014,LEC,Analytic Geometry and Calculus B,NEWRK,4 Hrs,MTWRF,1:00PM - 3:15PM,Jan 3 - Feb 4,"Bush,Michael Antoine Lorenzo"
MATH242014,LEC,Analytic Geometry and Calculus B,NEWRK,4 Hrs,MTWRF,1:00PM - 3:15PM,Jan 3 - Feb 4,"Bush,Michael Antoine Lorenzo"
MATH242020L,LAB,Analytic Geometry and Calculus B,NEWRK,4 Hrs,MR,12:00PM - 1:30PM,Jan 3 - Feb 4,"Gupta,Himanshu"
MATH242030L,LAB,Analytic Geometry and Calculus B,NEWRK,4 Hrs,MR,2:00PM - 3:30PM,Jan 3 - Feb 4,"Guillot,Dominique"
MATH242060L,LAB,Analytic Geometry and Calculus B,NEWRK,4 Hrs,TR,10:30AM - 12:00PM,Jan 3 - Feb 4,"Bush,Michael Antoine Lorenzo"
MATH243011,LEC,Analytic Geometry and Calculus C,NEWRK,4 Hrs,MTWRF,9:00AM - 11:15AM,Jan 3 - Feb 4,"Banerjee,Naya"
MATH243012,LEC,Analytic Geometry and Calculus C,NEWRK,4 Hrs,MTWRF,10:30AM - 12:45PM,Jan 3 - Feb 4,"Nakao,Joseph"
MATH243030L,LAB,Analytic Geometry and Calculus C,NEWRK,4 Hrs,MW,12:00PM - 1:30PM,Jan 3 - Feb 4,"Banerjee,Naya"
MATH243040L,LAB,Analytic Geometry and Calculus C,NEWRK,4 Hrs,MW,2:00PM - 3:30PM,Jan 3 - Feb 4,"Nakao,Joseph"
MATH351010,LEC,Engineering Mathematics I,NEWRK,3 Hrs,MTWRF,10:30AM - 12:15PM,Jan 3 - Feb 4,"Fok,Pak-Wing"
MATH352010,LEC,Engineering Mathematics II,NEWRK,3 Hrs,MTWRF,10:30AM - 12:15PM,Jan 3 - Feb 4,"Ranabhat,Min"
MATH352011,LEC,Engineering Mathematics II,NEWRK,3 Hrs,MTWRF,2:00PM - 3:45PM,Jan 3 - Feb 4,"Ranabhat,Min"
MATH466000,IND,Independent Study,NEWRK,3 Hrs,ASYN,12:00AM - 12:00AM,Jan 3 - Feb 4,Staff
MATH666000,IND,SPECIAL PROBLEM,NEWRK,1-12 Hrs,ASYN,12:00AM - 12:00AM,Jan 3 - Feb 4,Staff
MEEG442194,LEC,Introduction to Fuel Cells,NEWRK,3 Hrs,ASYN,,Jan 3 - Feb 4,"Prasad,Ajay K"
MEEG442195,LEC,Introduction to Fuel Cells,NEWRK,3 Hrs,ASYN,,Jan 3 - Feb 4,"Prasad,Ajay K"
MEEG467011,LEC,SEMINAR: ENGINEERING IN MOTORSPORTS,NEWRK,3 Hrs,TBD,,Jan 3 - Feb 4,"Timmins,Steven J"
MEEG467194,LEC,SEMINAR: TOPICS IN MODELING/BIOSYSTEMS,NEWRK,3 Hrs,TBD,,Jan 3 - Feb 4,"Greenberg,Michael David"
MEEG642194,LEC,Introduction to Fuel Cells,NEWRK,3 Hrs,ASYN,,Jan 3 - Feb 4,"Prasad,Ajay K"
MEEG667194,LEC,SEMINAR: TOPICS IN MODELING/BIOSYSTEMS,NEWRK,3 Hrs,TBD,,Jan 3 - Feb 4,"Greenberg,Michael David"
MEEG811194,LEC,Sandwich Structures,NEWRK,3 Hrs,,Canceled,,
MEEG818194,LEC,Plates and Shells in Aerospace Structures I,NEWRK,3 Hrs,,Canceled,,
MEEG819194,LEC,Plates and Shells in Aerospace Structures II,NEWRK,3 Hrs,,Canceled,,
MISY160194,LEC,Business Computing: Tools and Concepts,NEWRK,3 Hrs,ASYN,,Jan 3 - Feb 4,"Wright,Diane Marie Lambert"
MISY160195,LEC,Business Computing: Tools and Concepts,NEWRK,3 Hrs,ASYN,,Jan 3 - Feb 4,"Wright,Diane Marie Lambert"
MISY225061,LEC,Introduction to Programming Business Applications,NEWRK,3 Hrs,MTWR,8:00AM - 10:15AM,Jan 3 - Feb 4,Staff
MISY261011,LEC,Business Information Systems,NEWRK,3 Hrs,,Canceled,,
MISY261060,LEC,Business Information Systems,NEWRK,3 Hrs,,Canceled,,
MISY261194,LEC,Business Information Systems,NEWRK,3 Hrs,ASYN,,Jan 3 - Feb 4,"Rodalunas,Ryan Tyler"
MISY261195,LEC,Business Information Systems,NEWRK,3 Hrs,ASYN,,Jan 3 - Feb 4,"Rodalunas,Ryan Tyler"
MISY262194,LEC,Fundamentals of Business Analytics,NEWRK,3 Hrs,ASYN,12:00AM - 12:00AM,Jan 3 - Feb 4,"Kourpas,Elias"
MISY262195,LEC,Fundamentals of Business Analytics,NEWRK,3 Hrs,ASYN,12:00AM - 12:00AM,Jan 3 - Feb 4,"Kourpas,Elias"
MISY427061,LEC,Management of Information Systems,NEWRK,3 Hrs,,Canceled,,
MISY866000,IND,SPECIAL PROBLEM,NEWRK,1-6 Hrs,ASYN,12:00AM - 12:00AM,Jan 3 - Feb 4,Staff
MMSC200010,LEC,The Language of Medicine,NEWRK,3 Hrs,MTWRF,10:00AM - 11:30AM,Jan 3 - Feb 4,"Lin,Huey-Jen Lee"
MMSC270010,LEC,Medical Microbiol & Infectious Diseases,NEWRK,4 Hrs,ASYN,,Jan 3 - Feb 4,"Lehman,Donald C"
MMSC270020L,LAB,Medical Microbiol & Infectious Diseases,NEWRK,4 Hrs,TR,10:00AM - 1:00PM,Jan 3 - Feb 4,"Walters,Heather"
MMSC270021L,LAB,Medical Microbiol & Infectious Diseases,NEWRK,4 Hrs,TR,1:30PM - 4:30PM,Jan 3 - Feb 4,"Walters,Heather"
MMSC366000,IND,Independent Study,NEWRK,1-6 Hrs,ASYN,12:00AM - 12:00AM,Jan 3 - Feb 4,Staff
MMSC410000,PRC,Genetic Counseling Practicum,NEWRK,1-3 Hrs,ASYN,12:00AM - 12:00AM,Jan 3 - Feb 4,Staff
MMSC441010,CLN,Biotechnology Practicum I,NEWRK,3 Hrs,TBD,12:00AM - 12:00AM,Jan 3 - Feb 4,"Biswas,Esther Elissa"
MMSC442010,CLN,Biotechnology Practicum II,NEWRK,3 Hrs,TBD,12:00AM - 12:00AM,Jan 3 - Feb 4,"Biswas,Esther Elissa"
MMSC443010,CLN,Biotechnology Practicum III,NEWRK,3 Hrs,TBD,12:00AM - 12:00AM,Jan 3 - Feb 4,"Biswas,Esther Elissa"
MMSC444010,CLN,Biotechnology Practicum IV,NEWRK,3 Hrs,TBD,12:00AM - 12:00AM,Jan 3 - Feb 4,"Biswas,Esther Elissa"
MMSC466000,IND,Independent Study,NEWRK,1-6 Hrs,ASYN,12:00AM - 12:00AM,Jan 3 - Feb 4,Staff
MMSC472010L,CLN,Clinical Urinalysis Practicum,NEWRK,1 Hrs,TBD,12:00AM - 12:00AM,Jan 3 - Feb 4,"Melancon,Paula"
MMSC491194,LEC,Human Molecular Genetics,NEWRK,3 Hrs,ASYN,,Jan 3 - Feb 4,"Buoni,Michael H"
MMSC491195,LEC,Human Molecular Genetics,NEWRK,3 Hrs,ASYN,,Jan 3 - Feb 4,"Buoni,Michael H"
MMSC610010,CLN,Advanced Practicum I,NEWRK,2 Hrs,TBD,12:00AM - 12:00AM,Jan 3 - Feb 4,"Biswas,Esther Elissa"
MMSC611010,CLN,Advanced Practicum II,NEWRK,2 Hrs,TBD,12:00AM - 12:00AM,Jan 3 - Feb 4,"Biswas,Esther Elissa"
MMSC611010,CLN,Advanced Practicum II,NEWRK,2 Hrs,TBD,12:00AM - 12:00AM,Jan 3 - Feb 4,"Biswas,Esther Elissa"
MMSC613010,CLN,Advanced Practicum III,NEWRK,2 Hrs,TBD,12:00AM - 12:00AM,Jan 3 - Feb 4,"Biswas,Esther Elissa"
MMSC614010,CLN,Advanced Practicum IV,NEWRK,2 Hrs,TBD,12:00AM - 12:00AM,Jan 3 - Feb 4,"Biswas,Esther Elissa"
MMSC642010,PRC,Applied Molecular Biology and Biotechnology Practicum II,NEWRK,3 Hrs,TBD,12:00AM - 12:00AM,Jan 3 - Feb 4,"Biswas,Esther Elissa"
MMSC691194,LEC,Human Molecular Genetics,NEWRK,3 Hrs,ASYN,,Jan 3 - Feb 4,"Buoni,Michael H"
MMSC815000,IND,Contemporary Topics Research,NEWRK,1-6 Hrs,ASYN,12:00AM - 12:00AM,Jan 3 - Feb 4,Staff
MMSC868000,RSC,Research,NEWRK,3 Hrs,ASYN,12:00AM - 12:00AM,Jan 3 - Feb 4,Staff
MSEG201070,LEC,Introduction to Materials Science,NEWRK,3 Hrs,TBD,12:00AM - 12:00AM,Jan 3 - Feb 4,"Shah,Syed I"
MSST464000,IND,Museum Studies Internship,NEWRK,3 Hrs,ASYN,,Jan 3 - Feb 4,Staff
MUSC101010,LEC,Appreciation of Music,NEWRK,3 Hrs,ASYN,12:00AM - 12:00AM,Jan 3 - Feb 4,"England Baab,Sarah Jean"
MUSC105710,LEC,Fundamentals of Music I,WILM,3 Hrs,MTWRF,12:00PM - 1:45PM,Jan 3 - Feb 4,"Ames,Nathan Allen"
MUSC106010,DIS,Computational Thinking in Music,NEWRK,3 Hrs,MTWR,9:30AM - 11:45AM,Jan 3 - Feb 4,"Shafer,Jennifer C"
MUSC107010,LEC,History of Rock,NEWRK,3 Hrs,ASYN,12:00AM - 12:00AM,Jan 3 - Feb 4,"England Baab,Sarah Jean"
MUSC224070,LEC,London and the Movie Soundtrack,NEWRK,3 Hrs,TBD,,Jan 3 - Feb 4,"Anderson,James Allen"
MUSC226070,DIS,London: City of Symphonies,NEWRK,3 Hrs,TBD,12:00AM - 12:00AM,Jan 3 - Feb 4,"Anderson,James Allen"
MUSC464000,IND,Internship,NEWRK,1-3 Hrs,ASYN,12:00AM - 12:00AM,Jan 3 - Feb 4,Staff
NSCI428010,LEC,Advanced Neuropharmacology,NEWRK,3 Hrs,MTWRF,12:00PM - 1:45PM,Jan 3 - Feb 4,"McCaughey,Stuart A"
NTDT200061,LEC,Nutrition Concepts,NEWRK,3 Hrs,MTWRF,2:00PM - 3:45PM,Jan 3 - Jan 28,"Grim,Andrea L"
NTDT200194,LEC,Nutrition Concepts,NEWRK,3 Hrs,ASYN,12:00AM - 12:00AM,Jan 3 - Feb 4,"Wiens,Kristin Patricia Bjerke"
NTDT200195,LEC,Nutrition Concepts,NEWRK,3 Hrs,ASYN,12:00AM - 12:00AM,Jan 3 - Feb 4,"Wiens,Kristin Patricia Bjerke"
NTDT200710,LEC,Nutrition Concepts,WILM,3 Hrs,ASYN,12:00AM - 12:00AM,Jan 3 - Feb 4,"Wiens,Kristin Patricia Bjerke"
NTDT266000,IND,Special Problem,NEWRK,1 Hrs,ASYN,12:00AM - 12:00AM,Jan 3 - Feb 4,Staff
NTDT310061,LEC,Nutrition and Activity,NEWRK,3 Hrs,MTWRF,12:00PM - 1:45PM,Jan 3 - Jan 28,"Eastep,Maryann"
NTDT366000,IND,Independent Study,NEWRK,1-6 Hrs,ASYN,12:00AM - 12:00AM,Jan 3 - Feb 4,Staff
NTDT466000,IND,Independent Study,NEWRK,1-6 Hrs,ASYN,12:00AM - 12:00AM,Jan 3 - Feb 4,Staff
NTDT669000,IND,Field Project or Theoretical Paper,NEWRK,1-6 Hrs,ASYN,12:00AM - 12:00AM,Jan 3 - Feb 4,Staff
NURS120010,LEC,Introduction to Population Health,NEWRK,3 Hrs,MW,9:00AM - 12:30PM,Jan 3 - Feb 4,"Ji,Xiaopeng"
NURS233010,LEC,Professional Nursing Practice,NEWRK,3 Hrs,MW,1:00PM - 4:30PM,Jan 3 - Feb 4,"Heilferty,Catherine McGeehin"
NURS234020L,PRC,Professional Nursing Skills Practicum,NEWRK,1 Hrs,TR,9:00AM - 11:40AM,Jan 3 - Feb 4,"Brown,Donna M"
NURS234021L,PRC,Professional Nursing Skills Practicum,NEWRK,1 Hrs,TR,1:00PM - 3:40PM,Jan 3 - Feb 4,"Clark,Lindsey Anne-Hertsenberg"
NURS350194,LEC,Wellness and Health Assessment,NEWRK,3 Hrs,ASYN,12:00AM - 12:00AM,Jan 3 - Feb 4,"Madiraca,Jessica"
NURS350195,LEC,Wellness and Health Assessment,NEWRK,3 Hrs,ASYN,12:00AM - 12:00AM,Jan 3 - Feb 4,"Madiraca,Jessica"
NURS411071,LEC,Topics in Healthcare Delivery: BRITISH VIRGIN ISLANDS,NEWRK,3 Hrs,TBD,12:00AM - 12:00AM,Jan 3 - Feb 4,"Rudolphi,Diane M"
NURS411194,LEC,Topics in Healthcare Delivery: CARE OF THE NURSE CAREGIVER,NEWRK,3 Hrs,ASYN,12:00AM - 12:00AM,Jan 3 - Feb 4,"Moody,Nicole Gardner"
NURS411195,LEC,Topics in Healthcare Delivery: CARE OF THE NURSE CAREGIVER,NEWRK,3 Hrs,ASYN,12:00AM - 12:00AM,Jan 3 - Feb 4,"Moody,Nicole Gardner"
NURS412071,LEC,Multicultural Topics in Healthcare Delivery: HLTH SERVICES FOR WOM & CHILD,NEWRK,3 Hrs,TBD,12:00AM - 12:00AM,Jan 3 - Feb 4,"Rudolphi,Diane M"
NURS414072,LEC,Women and Gender in Healthcare,NEWRK,3 Hrs,ASYN,,Jan 3 - Feb 4,"Hagstrom,Amy Teresa"
NURS414194,LEC,Women and Gender in Healthcare,NEWRK,3 Hrs,ASYN,,Jan 3 - Feb 4,"Hagstrom,Amy Teresa"
NURS414195,LEC,Women and Gender in Healthcare,NEWRK,3 Hrs,ASYN,,Jan 3 - Feb 4,"Hagstrom,Amy Teresa"
NURS428010,LEC,Women's Health Across the Lifespan,NEWRK,3 Hrs,MT,9:00AM - 12:30PM,Jan 3 - Feb 4,"Korkosz,Jennifer"
NURS429010,PRC,Women's Health Across the Lifespan Practicum,NEWRK,3 Hrs,TBD,12:00AM - 12:00AM,Jan 3 - Feb 4,Staff
NURS429011,PRC,Women's Health Across the Lifespan Practicum,NEWRK,3 Hrs,TBD,12:00AM - 12:00AM,Jan 3 - Feb 4,"Donahue,Nicole"
NURS429012,PRC,Women's Health Across the Lifespan Practicum,NEWRK,3 Hrs,TBD,12:00AM - 12:00AM,Jan 3 - Feb 4,"Donahue,Nicole"
NURS429013,PRC,Women's Health Across the Lifespan Practicum,NEWRK,3 Hrs,TBD,12:00AM - 12:00AM,Jan 3 - Feb 4,"O'Grady,Mary"
NURS618194,LEC,The Role of the Nurse Practitioner,NEWRK,2 Hrs,ASYN,,Jan 11 - Feb 4,"Conaty-Buck,Susan B"
NURS618195,LEC,The Role of the Nurse Practitioner,NEWRK,2 Hrs,ASYN,,Jan 3 - Feb 4,"Conaty-Buck,Susan B"
NURS650010,LEC,Advanced Concepts of Pediatric Development,NEWRK,2 Hrs,TBD,,Jan 3 - Feb 4,Staff
NURS668010,LEC,Advanced Clinical Neuroscience,NEWRK,3 Hrs,TBD,12:00AM - 12:00AM,Jan 3 - Feb 4,"Diefenbeck,Cynthia A"
PHIL101194,LEC,Great Western Philosophers,NEWRK,3 Hrs,ASYN,12:00AM - 12:00AM,Jan 3 - Feb 4,"Rogers,Katherin Anne Shedd"
PHIL101194,LEC,Great Western Philosophers,NEWRK,3 Hrs,ASYN,12:00AM - 12:00AM,Jan 3 - Feb 4,"Rogers,Katherin Anne Shedd"
PHIL101195,LEC,Great Western Philosophers,NEWRK,3 Hrs,ASYN,12:00AM - 12:00AM,Jan 3 - Feb 4,"Rogers,Katherin Anne Shedd"
PHIL101710,LEC,Great Western Philosophers,WILM,3 Hrs,MTWRF,10:00AM - 11:45AM,Jan 3 - Feb 4,"Martin,John R"
PHIL102194,LEC,Introduction to Philosophy,NEWRK,3 Hrs,ASYN,12:00AM - 12:00AM,Jan 3 - Feb 4,"Pust,Joel E"
PHIL102195,LEC,Introduction to Philosophy,NEWRK,3 Hrs,ASYN,12:00AM - 12:00AM,Jan 3 - Feb 4,"Pust,Joel E"
PHIL105192,LEC,Critical Thinking,NEWRK,3 Hrs,ASYN,12:00AM - 12:00AM,Jan 3 - Feb 4,"Shabo,Seth"
PHIL105193,LEC,Critical Thinking,NEWRK,3 Hrs,ASYN,12:00AM - 12:00AM,Jan 3 - Feb 4,"Shabo,Seth"
PHIL105194,LEC,Critical Thinking,NEWRK,3 Hrs,ASYN,12:00AM - 12:00AM,Jan 3 - Feb 4,"Shabo,Seth"
PHIL105195,LEC,Critical Thinking,NEWRK,3 Hrs,ASYN,12:00AM - 12:00AM,Jan 3 - Feb 4,"Shabo,Seth"
PHIL125010,LEC,Topics: Philosophy in Popular Culture: SOUTH PARK & PHILOSOPHY,NEWRK,3 Hrs,MTWRF,10:00AM - 11:45AM,Jan 3 - Feb 4,"Hanley,Richard M"
PHIL202194,LEC,Contemporary Moral Problems,NEWRK,3 Hrs,ASYN,12:00AM - 12:00AM,Jan 3 - Feb 4,"Pust,Joel E"
PHIL202195,LEC,Contemporary Moral Problems,NEWRK,3 Hrs,ASYN,12:00AM - 12:00AM,Jan 3 - Feb 4,"Pust,Joel E"
PHIL204070,LEC,World Religions,NEWRK,3 Hrs,TBD,,Jan 3 - Feb 4,"Jordan,Jeffrey James"
PHIL204080,LEC,World Religions,NEWRK,3 Hrs,MTWRF,12:00PM - 1:45PM,Jan 3 - Feb 4,"Fox,Alan David"
PHIL316010,LEC,Time Travel,NEWRK,3 Hrs,MTWRF,12:00PM - 1:45PM,Jan 3 - Feb 4,"Hanley,Richard M"
PHIL344070,LEC,Science and Religion,NEWRK,3 Hrs,TBD,,Jan 3 - Feb 4,"Jordan,Jeffrey James"
PHYS133010,LEC,Introduction to Astronomy,NEWRK,4 Hrs,MTWRF,2:00PM - 3:45PM,Jan 3 - Feb 4,"Ji,Jinbiao"
PHYS133020L,LAB,Introduction to Astronomy,NEWRK,4 Hrs,MW,7:00PM - 9:00PM,Jan 3 - Feb 4,Staff
PHYS201010,LEC,Introductory Physics I,NEWRK,3 Hrs,MTWRF,10:00AM - 11:45AM,Jan 3 - Feb 4,"Rehman,Atta Ur"
PHYS201020D,DIS,Introductory Physics I,NEWRK,3 Hrs,MWF,12:00PM - 12:50PM,Jan 3 - Feb 4,Staff
PHYS201021D,DIS,Introductory Physics I,NEWRK,3 Hrs,MWF,12:00PM - 12:50PM,Jan 3 - Feb 4,Staff
PHYS202010,LEC,Introductory Physics II,NEWRK,3 Hrs,MTWRF,10:00AM - 11:45AM,Jan 3 - Feb 4,"Gogoladze,Ilia"
PHYS202020D,DIS,Introductory Physics II,NEWRK,3 Hrs,MWF,12:00PM - 12:50PM,Jan 3 - Feb 4,Staff
PHYS202021D,DIS,Introductory Physics II,NEWRK,3 Hrs,MWF,12:00PM - 12:50PM,Jan 3 - Feb 4,Staff
PHYS202022D,DIS,Introductory Physics II,NEWRK,3 Hrs,MWF,12:00PM - 12:50PM,Jan 3 - Feb 4,Staff
PHYS207010,LEC,Fundamentals of Physics I,NEWRK,3 Hrs,MTWRF,10:00AM - 11:45AM,Jan 3 - Feb 4,"Ishaque,Ommair"
PHYS207020D,DIS,Fundamentals of Physics I,NEWRK,3 Hrs,MWF,2:10PM - 3:00PM,Jan 3 - Feb 4,Staff
PHYS208010,LEC,Fundamentals of Physics II,NEWRK,3 Hrs,MTWRF,10:00AM - 11:45AM,Jan 3 - Feb 4,"Deepchand,Vimal"
PHYS208020D,DIS,Fundamentals of Physics II,NEWRK,3 Hrs,MWF,12:00PM - 12:50PM,Jan 3 - Feb 4,Staff
PHYS221020L,LAB,Introductory Physics Laboratory I,NEWRK,1 Hrs,TR,12:00PM - 2:00PM,Jan 3 - Feb 4,Staff
PHYS221021L,LAB,Introductory Physics Laboratory I,NEWRK,1 Hrs,TR,2:00PM - 4:00PM,Jan 3 - Feb 4,Staff
PHYS222020L,LAB,Introductory Physics Laboratory II,NEWRK,1 Hrs,TR,12:00PM - 2:00PM,Jan 3 - Feb 4,Staff
PHYS222021L,LAB,Introductory Physics Laboratory II,NEWRK,1 Hrs,TR,2:00PM - 4:00PM,Jan 3 - Feb 4,Staff
PHYS227020L,LAB,Fundamentals of Physics Laboratory I,NEWRK,1 Hrs,TR,2:15PM - 4:15PM,Jan 3 - Feb 4,Staff
PHYS227021L,LAB,Fundamentals of Physics Laboratory I,NEWRK,1 Hrs,TR,12:00PM - 2:00PM,Jan 3 - Feb 4,Staff
PHYS228020L,LAB,Fundamentals of Physics Laboratory II,NEWRK,1 Hrs,TR,12:00PM - 2:00PM,Jan 3 - Feb 4,Staff
PHYS228021L,LAB,Fundamentals of Physics Laboratory II,NEWRK,1 Hrs,TR,2:00PM - 4:00PM,Jan 3 - Feb 4,Staff
PHYS468010,IND,Introduction to Research,NEWRK,1-6 Hrs,ASYN,12:00AM - 12:00AM,Jan 3 - Feb 4,"Provencal,Judith L"
PHYS469050,LEC,Observational Astronomy,NEWRK,3 Hrs,MTWRF,7:00PM - 10:00PM,Jan 3 - Feb 4,"Provencal,Judith L"
PHYS645010,LEC,Electronics for Scientists,NEWRK,3 Hrs,MTWRF,9:05AM - 9:55AM,Jan 3 - Feb 4,"Ramer,Everett"
PHYS645020L,LAB,Electronics for Scientists,NEWRK,3 Hrs,MTWRF,10:10AM - 12:05PM,Jan 3 - Feb 4,"Ramer,Everett"
PHYS669050,LEC,Observational Astronomy,NEWRK,3 Hrs,MTWRF,7:00PM - 10:00PM,Jan 3 - Feb 4,"Provencal,Judith L"
PHYT400010,LAB,Physical Therapy Clinical Practicum,NEWRK,1-2 Hrs,TBD,12:00AM - 12:00AM,Jan 3 - Feb 4,"Seymour,William Gregory"
PHYT466000,IND,Independent Study,NEWRK,1-6 Hrs,ASYN,12:00AM - 12:00AM,Jan 3 - Feb 4,Staff
PHYT614010,LEC,Sports Physical Therapy,NEWRK,1-3 Hrs,MW,5:00PM - 8:00PM,Jan 3 - Feb 4,"Giordano,Airelle Onnolee"
PHYT614020L,LAB,Sports Physical Therapy,NEWRK,1-3 Hrs,M,8:00PM - 9:00PM,Jan 3 - Feb 4,"Giordano,Airelle Onnolee"
PHYT614021L,LAB,Sports Physical Therapy,NEWRK,1-3 Hrs,W,8:00PM - 9:00PM,Jan 3 - Feb 4,"Giordano,Airelle Onnolee"
PHYT620020D,DIS,Educational Process in Community Health,NEWRK,1 Hrs,M,10:00AM - 11:00AM,Jan 3 - Feb 4,"Pinckney,Adrienne N"
PHYT626020L,LAB,Advanced Regional Anatomy,NEWRK,3 Hrs,TBD,12:00AM - 12:00AM,Jan 3 - Feb 4,"Ebaugh,Duane"
PHYT626020L,LAB,Advanced Regional Anatomy,NEWRK,3 Hrs,TBD,12:00AM - 12:00AM,Jan 3 - Feb 4,"Ebaugh,Duane"
PHYT632010,LEC,Applied Physiology I,NEWRK,3 Hrs,MWF,12:00PM - 4:00PM,Jan 3 - Feb 4,"Stewart,Eric S"
PHYT632021L,LAB,Applied Physiology I,NEWRK,3 Hrs,T,2:00PM - 4:00PM,Jan 3 - Feb 4,"Stewart,Eric S"
PHYT807010,LEC,Emergency Responder and Advanced Seminar,NEWRK,3-5 Hrs,T,8:00AM - 11:00AM,Jan 3 - Feb 4,"Wruble Hakim,Ellen"
PHYT807020L,LAB,Emergency Responder and Advanced Seminar,NEWRK,3-5 Hrs,T,11:00AM - 12:00PM,Jan 3 - Feb 4,"Wruble Hakim,Ellen"
PHYT807021L,LAB,Emergency Responder and Advanced Seminar,NEWRK,3-5 Hrs,T,11:00AM - 12:00PM,Jan 3 - Feb 4,Staff
PHYT807022L,LAB,Emergency Responder and Advanced Seminar,NEWRK,3-5 Hrs,T,11:00AM - 12:00PM,Jan 3 - Feb 4,Staff
PHYT812010,LAB,Pediatric Integrated Clincal Experience,NEWRK,1 Hrs,TBD,12:00AM - 12:00AM,Jan 3 - Feb 4,"Foeller,Carrie Sue"
PHYT821010,LEC,Orthopedic Integrated Clinical Experience,NEWRK,3 Hrs,TBD,12:00AM - 12:00AM,Jan 3 - Feb 4,"Miller,Jeffrey A"
PHYT822010,LEC,Neurologic and Older Adult Integrated Clinical Experience,NEWRK,3 Hrs,TBD,12:00AM - 12:00AM,Jan 3 - Feb 4,"Miller,Jeffrey A"
PHYT830010,LEC,Introduction to Clinical Education,NEWRK,2 Hrs,WF,10:00AM - 12:00PM,Jan 3 - Feb 4,"Pinckney,Adrienne N"
PHYT866000,IND,Independent Study,NEWRK,1-12 Hrs,TBD,12:00AM - 12:00AM,Jan 3 - Feb 4,Staff
PLSC100010,LEC,Plants and Human Culture,NEWRK,3 Hrs,MTWRF,2:00PM - 3:45PM,Jan 3 - Feb 4,"Barton,Susan Lee Schumacher"
PLSC100011,LEC,Plants and Human Culture,NEWRK,3 Hrs,MTWRF,2:00PM - 3:45PM,Jan 3 - Feb 4,"Barton,Susan Lee Schumacher"
PLSC128010,LEC,The Science of Wine,NEWRK,1 Hrs,TR,4:00PM - 5:45PM,Jan 3 - Feb 4,"Green,Pamela J"
PLSC166000,IND,Special Problem,NEWRK,1-4 Hrs,TBD,,Jan 3 - Feb 4,Staff
PLSC204194,LEC,Introduction to Soil Science,NEWRK,3 Hrs,ASYN,12:00AM - 12:00AM,Jan 3 - Feb 4,"Fuhrmann,Jeffry J"
PLSC204195,LEC,Introduction to Soil Science,NEWRK,3 Hrs,ASYN,12:00AM - 12:00AM,Jan 3 - Feb 4,"Fuhrmann,Jeffry J"
PLSC266000,IND,Special Problem,NEWRK,1-3 Hrs,ASYN,12:00AM - 12:00AM,Jan 3 - Feb 4,Staff
PLSC366000,IND,Independent Study,NEWRK,1-6 Hrs,ASYN,12:00AM - 12:00AM,Jan 3 - Feb 4,Staff
PLSC367010,LEC,SEMINAR: LANDSCAPE MANAGEMENT FOR CNP,NEWRK,1 Hrs,MWR,4:00PM - 5:00PM,Jan 3 - Feb 4,"Barton,Susan Lee Schumacher"
PLSC466000,IND,Independent Study,NEWRK,1-6 Hrs,ASYN,12:00AM - 12:00AM,Jan 3 - Feb 4,Staff
POSC150010,LEC,Introduction to American Politics,NEWRK,3 Hrs,MTWRF,10:00AM - 11:45AM,Jan 3 - Feb 4,"Davis Jr,Theodore J"
POSC220010,LEC,Introduction to Public Policy,NEWRK,3 Hrs,MTWRF,10:00AM - 11:45AM,Jan 3 - Feb 4,"Ozturk,Yunus"
POSC240010,LEC,Introduction to Global Politics,NEWRK,3 Hrs,MTWRF,12:00PM - 1:45PM,Jan 3 - Feb 4,"Lutful,Rifat Binte"
POSC300010,LEC,Research Methods for Political Science,NEWRK,3 Hrs,MTWRF,12:00PM - 1:45PM,Jan 3 - Feb 4,"Mycoff,Jason D"
POSC350010,LEC,Politics and the Environment,NEWRK,3 Hrs,MTWRF,2:00PM - 3:45PM,Jan 3 - Feb 4,"Benson,Thomas Steven"
POSC352010,LEC,Refugees and Forced Migration,NEWRK,3 Hrs,MTWRF,12:00PM - 1:45PM,Jan 3 - Feb 4,"Ramsay,Georgina Kathleen"
POSC409010,LEC,Topics in World Politics,NEWRK,3 Hrs,MTWRF,2:00PM - 3:45PM,Jan 3 - Feb 4,"Turbino Torres,Luisa Fernanda"
POSC436010,LEC,African Politics and Literature,NEWRK,3 Hrs,MTWRF,12:00PM - 1:45PM,Jan 3 - Feb 4,"Bauer,Gretchen M"
POSC491010,LEC,Politics of Developing Nations,NEWRK,3 Hrs,TW,6:00PM - 9:35PM,Jan 3 - Feb 4,"Khan,Muqtedar"
POSC498010,INT,Capstone Internship,NEWRK,1-6 Hrs,ASYN,12:00AM - 12:00AM,Jan 3 - Feb 4,"Oskooii,Kassra"
PSYC100010,LEC,General Psychology,NEWRK,3 Hrs,ASYN,12:00AM - 12:00AM,Jan 3 - Feb 4,"Gifford,Janace"
PSYC100710,LEC,General Psychology,WILM,3 Hrs,MTWRF,8:00AM - 9:45AM,Jan 3 - Feb 4,"Joella,Ethan Jon"
PSYC108061D,DIS,Mindfulness and the Brain,NEWRK,1 Hrs,M,2:00PM - 5:00PM,Jan 3 - Feb 4,"Griffin,Amy L."
PSYC207010,LEC,Research Methods,NEWRK,3 Hrs,MTWRF,10:00AM - 11:45AM,Jan 3 - Feb 4,"Lebed,Anton"
PSYC209010,LEC,Measurement and Statistics,NEWRK,3 Hrs,ASYN,,Jan 3 - Feb 4,"Rogers,Leeland L"
PSYC314010,LEC,Brain and Behavior,NEWRK,3 Hrs,MTWRF,8:00AM - 9:45AM,Jan 3 - Feb 4,"Bielicki,Mary"
PSYC314011,LEC,Brain and Behavior,NEWRK,3 Hrs,MTWRF,2:00PM - 3:45PM,Jan 3 - Feb 4,"Rafal,Robert Darien"
PSYC325010,LEC,Child Psychology,NEWRK,3 Hrs,MTWRF,4:00PM - 5:45PM,Jan 3 - Feb 4,"Sheffler,Kristy"
PSYC334010,LEC,Abnormal Psychology,NEWRK,3 Hrs,ASYN,,Jan 3 - Feb 4,"Zablah,Franssy"
PSYC340010,LEC,Cognition,NEWRK,3 Hrs,MTWRF,10:00AM - 11:45AM,Jan 3 - Feb 4,"Baker IV,Augustus Lynn"
PSYC366000,IND,Independent Study,NEWRK,1-6 Hrs,ASYN,12:00AM - 12:00AM,Jan 3 - Feb 4,Staff
PSYC390010,LEC,Social Psychology,NEWRK,3 Hrs,ASYN,,Jan 3 - Feb 4,"Martin,David John"
PSYC445010,LEC,Adolescence,NEWRK,3 Hrs,ASYN,,Jan 3 - Feb 4,"Roberts,Savannah"
PSYC467010,LEC,SEMINAR: MULTICULTURAL PSYCHOLOGY,NEWRK,3 Hrs,ASYN,12:00AM - 12:00AM,Jan 3 - Feb 4,"Foster,Carmelita"
RUSS105010,LEC,Russian I - Elementary,NEWRK,4 Hrs,MTWRF,10:30AM - 12:45PM,Jan 3 - Feb 4,"Myers,Holly"
SCEN117710L,LAB,Citizen Science,WILM,4 Hrs,MTWRF,10:30AM - 12:45PM,Jan 3 - Feb 4,"McDevit,Daniel Christopher"
SOCI201192,LEC,Introduction to Sociology,NEWRK,3 Hrs,ASYN,12:00AM - 12:00AM,Jan 3 - Feb 4,"Bell,Ann V"
SOCI201192,LEC,Introduction to Sociology,NEWRK,3 Hrs,ASYN,12:00AM - 12:00AM,Jan 3 - Feb 4,"Bell,Ann V"
SOCI201193,LEC,Introduction to Sociology,NEWRK,3 Hrs,ASYN,12:00AM - 12:00AM,Jan 3 - Feb 4,"Bell,Ann V"
SOCI201194,LEC,Introduction to Sociology,NEWRK,3 Hrs,ASYN,12:00AM - 12:00AM,Jan 3 - Feb 4,"Bell,Ann V"
SOCI201195,LEC,Introduction to Sociology,NEWRK,3 Hrs,ASYN,12:00AM - 12:00AM,Jan 3 - Feb 4,"Bell,Ann V"
SOCI209010,LEC,Social Problems,NEWRK,3 Hrs,MTWRF,10:00AM - 11:45AM,Jan 3 - Feb 4,"Stout,Joshua Hokseda"
SOCI213192,LEC,Men and Women in American Society,NEWRK,3 Hrs,ASYN,,Jan 3 - Feb 4,"Friedman,Asia May"
SOCI213193,LEC,Men and Women in American Society,NEWRK,3 Hrs,ASYN,,Jan 3 - Feb 4,"Friedman,Asia May"
SOCI213194,LEC,Men and Women in American Society,NEWRK,3 Hrs,ASYN,,Jan 3 - Feb 4,"Friedman,Asia May"
SOCI213195,LEC,Men and Women in American Society,NEWRK,3 Hrs,ASYN,,Jan 3 - Feb 4,"Friedman,Asia May"
SOCI303192,LEC,Juvenile Delinquency,NEWRK,3 Hrs,ASYN,,Jan 3 - Feb 4,"Hughes,Cresean"
SOCI303193,LEC,Juvenile Delinquency,NEWRK,3 Hrs,ASYN,,Jan 3 - Feb 4,"Hughes,Cresean"
SOCI303194,LEC,Juvenile Delinquency,NEWRK,3 Hrs,ASYN,,Jan 3 - Feb 4,"Hughes,Cresean"
SOCI303195,LEC,Juvenile Delinquency,NEWRK,3 Hrs,ASYN,,Jan 3 - Feb 4,"Hughes,Cresean"
SOCI304010,LEC,Criminology,NEWRK,3 Hrs,MTWRF,2:00PM - 3:45PM,Jan 3 - Feb 4,"O'Connell,Daniel J"
SOCI345010,LEC,Sociology of Law,NEWRK,3 Hrs,,Canceled,,
SOCI366000,IND,Independent Study,NEWRK,1-3 Hrs,ASYN,12:00AM - 12:00AM,Jan 3 - Feb 4,Staff
SOCI369192,LEC,"Alcohol, Drugs and Crime",NEWRK,3 Hrs,ASYN,,Jan 3 - Feb 4,"Anderson,Tammy L"
SOCI369193,LEC,"Alcohol, Drugs and Crime",NEWRK,3 Hrs,ASYN,,Jan 3 - Feb 4,"Anderson,Tammy L"
SOCI369194,LEC,"Alcohol, Drugs and Crime",NEWRK,3 Hrs,ASYN,,Jan 3 - Feb 4,"Anderson,Tammy L"
SOCI369195,LEC,"Alcohol, Drugs and Crime",NEWRK,3 Hrs,ASYN,,Jan 3 - Feb 4,"Anderson,Tammy L"
SOCI442010L,LAB,Law and Society Practicum and Seminar,NEWRK,4 Hrs,TR,5:00PM - 8:00PM,Jan 3 - Feb 4,"Leon,Chrysanthi Settlage"
SOCI442080L,LAB,Law and Society Practicum and Seminar,NEWRK,4 Hrs,TR,5:00PM - 8:00PM,Jan 3 - Feb 4,"Leon,Chrysanthi Settlage"
SOCI464000,IND,Internship,NEWRK,1-4 Hrs,ASYN,12:00AM - 12:00AM,Jan 3 - Feb 4,Staff
SOCI466000,IND,Independent Study,NEWRK,1-3 Hrs,ASYN,12:00AM - 12:00AM,Jan 3 - Feb 4,Staff
SPAN105010,LEC,Spanish I - Elementary,NEWRK,4 Hrs,MTWRF,10:30AM - 12:45PM,Jan 3 - Feb 4,"Johnson,Crista J"
SPAN106010,LEC,Spanish II - Elementary/Intermediate,NEWRK,4 Hrs,MTWRF,10:30AM - 12:45PM,Jan 3 - Feb 4,"Musik,Krystyna P"
SPAN106011,LEC,Spanish II - Elementary/Intermediate,NEWRK,4 Hrs,MWF,10:30AM - 12:00PM,Jan 3 - Feb 4,"Moltchanov,Barbara Musik"
SPAN106012,LEC,Spanish II - Elementary/Intermediate,NEWRK,4 Hrs,MTWRF,1:00PM - 3:15PM,Jan 3 - Feb 4,"Delgado Guana,Rafael Alberto"
SPAN107010,LEC,Spanish III - Intermediate,NEWRK,4 Hrs,MTWRF,10:30AM - 12:45PM,Jan 3 - Feb 4,"Tito,Maria da Graca"
SPAN107011,LEC,Spanish III - Intermediate,NEWRK,4 Hrs,MTWRF,10:30AM - 12:45PM,Jan 3 - Feb 4,"Robles-Reyes,Arnaldo"
SPAN107012,LEC,Spanish III - Intermediate,NEWRK,4 Hrs,MWF,10:30AM - 12:00PM,Jan 3 - Feb 4,"Manzano,Doris Bigurra"
SPAN107013,LEC,Spanish III - Intermediate,NEWRK,4 Hrs,MTWRF,1:00PM - 3:15PM,Jan 3 - Feb 4,"Marin,Dora Lucy"
SPAN107014,LEC,Spanish III - Intermediate,NEWRK,4 Hrs,MTWRF,4:30PM - 6:45PM,Jan 3 - Feb 4,"Paulino III,William Francis"
SPAN200010,LEC,Spanish Composition and Grammar,NEWRK,3 Hrs,MTWRF,10:00AM - 11:45AM,Jan 3 - Feb 4,"Busch,Hans-Jorg"
SPAN201010,LEC,Spanish Reading and Composition,NEWRK,3 Hrs,MTWRF,10:00AM - 11:45AM,Jan 3 - Feb 4,"Guardiola-Griffiths,Cristina Maria"
SPAN205010,LEC,Spanish Conversation,NEWRK,3 Hrs,MTWRF,10:00AM - 11:45AM,Jan 3 - Feb 4,"Finnicum,Carmen"
SPAN305010,LEC,Oral Communication,NEWRK,3 Hrs,MTWRF,10:00AM - 11:45AM,Jan 3 - Feb 4,"Rio,Aurelia"
SPAN355070,LEC,Special Topics,NEWRK,3-12 Hrs,TBD,,Jan 3 - Feb 4,Staff
SPAN475010,LEC,Topics in Hispanic Culture and Civilization: VIAJE A TRAVES DE EXPR ARTSTC,NEWRK,3 Hrs,,Canceled,,
SPPA621010,LEC,"Health Systems, Policy & Economics",NEWRK,3 Hrs,MTWRF,4:00PM - 5:45PM,Jan 3 - Feb 4,"Fitzpatrick,Katie"
SPTM311010L,LAB,Practicum in Sport Management,NEWRK,1 Hrs,TBD,12:00AM - 12:00AM,Jan 3 - Feb 4,"Deschriver,Timothy David"
SPTM320010,LEC,Management of Intercollegiate Athletics,NEWRK,3 Hrs,MTWRF,10:00AM - 11:45AM,Jan 3 - Feb 4,"Robinson,Matthew J"
SPTM418010,LEC,Sport Event and Facility Management,NEWRK,3 Hrs,MTWRF,12:00PM - 1:45PM,Jan 3 - Feb 4,"Williams,Sarah"
STAT200010,LEC,Basic Statistical Practice,NEWRK,3 Hrs,MTWRF,12:00PM - 1:45PM,Jan 3 - Feb 4,"Crissinger,Bryan R"
STAT200011,LEC,Basic Statistical Practice,NEWRK,3 Hrs,MTWRF,10:00AM - 11:45AM,Jan 3 - Feb 4,"Crissinger,Bryan R"
STAT200012,LEC,Basic Statistical Practice,NEWRK,3 Hrs,ASYN,12:00AM - 12:00AM,Jan 3 - Feb 4,"Seraphin,Anthony"
STAT200013,LEC,Basic Statistical Practice,NEWRK,3 Hrs,ASYN,12:00AM - 12:00AM,Jan 3 - Feb 4,"Seraphin,Anthony"
STAT200061,LEC,Basic Statistical Practice,NEWRK,3 Hrs,MTWRF,9:00AM - 10:45AM,Jan 10 - Feb 4,"Farina Sisofo,Dianne"
STAT200062,LEC,Basic Statistical Practice,NEWRK,3 Hrs,MTWRF,11:00AM - 12:45PM,Jan 10 - Feb 4,"Farina Sisofo,Dianne"
STAT200062,LEC,Basic Statistical Practice,NEWRK,3 Hrs,MTWRF,11:00AM - 12:45PM,Jan 10 - Feb 4,"Farina Sisofo,Dianne"
STAT200194,LEC,Basic Statistical Practice,NEWRK,3 Hrs,ASYN,12:00AM - 12:00AM,Jan 3 - Feb 4,"Ilvento,Thomas W"
STAT200195,LEC,Basic Statistical Practice,NEWRK,3 Hrs,ASYN,12:00AM - 12:00AM,Jan 3 - Feb 4,"Ilvento,Thomas W"
THEA102010,LEC,Introduction to Performance,NEWRK,3 Hrs,MTWRF,12:00PM - 1:45PM,Jan 3 - Feb 4,"Reidel,Leslie"
THEA102014,LEC,Introduction to Performance,NEWRK,3 Hrs,MTWRF,10:00AM - 11:45AM,Jan 3 - Feb 4,"Reidel,Leslie"
THEA102015,LEC,Introduction to Performance,NEWRK,3 Hrs,MTWRF,2:00PM - 3:45PM,Jan 3 - Feb 4,"Haus,Heinz-Uwe"
THEA102016,LEC,Introduction to Performance,NEWRK,3 Hrs,MTWRF,10:00AM - 11:45AM,Jan 3 - Feb 4,"Tague,Kathleen Pirkl"
THEA102017,LEC,Introduction to Performance,NEWRK,3 Hrs,MTWRF,12:00PM - 1:45PM,Jan 3 - Feb 4,"Haus,Heinz-Uwe"
THEA104010,LEC,Introduction to Theatre and Drama,NEWRK,3 Hrs,ASYN,12:00AM - 12:00AM,Jan 3 - Feb 4,"Carlsen,Allan"
THEA104011,LEC,Introduction to Theatre and Drama,NEWRK,3 Hrs,ASYN,12:00AM - 12:00AM,Jan 3 - Feb 4,"Carlsen,Allan"
THEA106070,LEC,The Theatrical Experience Abroad,NEWRK,3 Hrs,TBD,12:00AM - 12:00AM,Jan 3 - Feb 4,"Reidel,Leslie"
THEA200192,LEC,Introduction to Theatre Production,NEWRK,3 Hrs,ASYN,12:00AM - 12:00AM,Jan 3 - Feb 4,"Smitheimer,Eileen T."
THEA200193,LEC,Introduction to Theatre Production,NEWRK,3 Hrs,ASYN,12:00AM - 12:00AM,Jan 3 - Feb 4,"Smitheimer,Eileen T."
THEA204011,LEC,Introduction to Voice and Speech,NEWRK,3 Hrs,MTWRF,10:00AM - 11:45AM,Jan 3 - Feb 4,"Heflin,Elizabeth Eve"
THEA204710,LEC,Introduction to Voice and Speech,WILM,3 Hrs,,Canceled,,
THEA226010,LEC,Fundamentals of Acting I,NEWRK,3 Hrs,ASYN,12:00AM - 12:00AM,Jan 3 - Feb 4,"Pelinski,Stephen J"
THEA241010,LEC,Western Theatre: Live on Stage,NEWRK,3 Hrs,ASYN,,Jan 3 - Feb 4,"Tague,Steven Jay"
THEA241011,LEC,Western Theatre: Live on Stage,NEWRK,3 Hrs,ASYN,,Jan 3 - Feb 4,"Tague,Steven Jay"
THEA309010,LEC,Fundamentals of Stage Management,NEWRK,3 Hrs,ASYN,12:00AM - 12:00AM,Jan 3 - Feb 4,"Cunningham,Richard A"
UAPP110010,LEC,Changing the World and Public Policy,NEWRK,3 Hrs,MWF,10:00AM - 12:30PM,Jan 3 - Feb 4,"Barnes,Philip James"
UAPP110080,LEC,Changing the World and Public Policy,NEWRK,3 Hrs,MWF,10:00AM - 12:30PM,Jan 3 - Feb 4,"Barnes,Philip James"
UAPP300010,LEC,Public Policy Field Experience,NEWRK,3 Hrs,ASYN,12:00AM - 12:00AM,Jan 3 - Feb 4,"Bell,Signe Clayton"
UAPP366000,IND,Independent Study,NEWRK,1-6 Hrs,ASYN,12:00AM - 12:00AM,Jan 3 - Feb 4,Staff
UAPP424070,LEC,Comparative Public Policy,NEWRK,3 Hrs,TBD,12:00AM - 12:00AM,Jan 3 - Feb 4,"Tth,Tibor"
UAPP666000,IND,Special Problem,NEWRK,1-12 Hrs,ASYN,12:00AM - 12:00AM,Jan 3 - Feb 4,Staff
UAPP666061,IND,Special Problem,NEWRK,1-12 Hrs,ASYN,12:00AM - 12:00AM,Jan 3 - Jan 28,Staff
UAPP667070,LEC,SEMINAR,NEWRK,3 Hrs,TBD,,Jan 3 - Feb 4,"Shah,Kalim"
UAPP689610,LEC,Information Technology & Management of Public & NP Orgs,NEWRK,3 Hrs,ASYN,12:00AM - 12:00AM,Jan 3 - Feb 4,"Collins,John George"
UAPP689611,LEC,Information Technology & Management of Public & NP Orgs,NEWRK,3 Hrs,ASYN,12:00AM - 12:00AM,Jan 3 - Feb 4,"Collins,John George"
UAPP868000,RSC,Research,NEWRK,1-6 Hrs,ASYN,12:00AM - 12:00AM,Jan 3 - Feb 4,Staff
UNIV049010,ADM,SPECIAL SESSION ACTIVITY,NEWRK,0 Hrs,TBD,12:00AM - 12:00AM,Jan 3 - Feb 4,Staff
UNIV269010,IND,Undergraduate Internship,NEWRK,0-6 Hrs,TBD,12:00AM - 12:00AM,Jan 3 - Feb 4,"Schneider,Jeffrey Aaron"
UNIV321010D,DIS,Contemporary Issues for Resident Assistants II,NEWRK,1 Hrs,TBD,12:00AM - 12:00AM,Jan 3 - Feb 4,"Tweedy,Iveta Ziegelbauer"
UNIV322010,DIS,Contemporary Issues for Resident Assistants III,NEWRK,1 Hrs,ASYN,12:00AM - 12:00AM,Jan 3 - Feb 4,"Tweedy,Iveta Ziegelbauer"
UNIV364050,LEC,Experiential Internship,NEWRK,3 Hrs,ASYN,12:00AM - 12:00AM,Jan 3 - Feb 4,"Laird,Jenifer Kate"
UNIV365010,INT,Engaging for Change: Co-curricular Immersion and Community Engagement,NEWRK,1-6 Hrs,,Canceled,,
UNIV369000,RSC,Undergraduate Research Sustaining,NEWRK,0 Hrs,ASYN,12:00AM - 12:00AM,Jan 3 - Feb 4,Staff
UNIV370011,DIS,"Study Abroad Winter / Summer: ATHENS, GREECE FLLT",NEWRK,0 Hrs,TBD,12:00AM - 12:00AM,Jan 3 - Feb 4,"Toole,Ruth A"
UNIV370012,DIS,Study Abroad Winter / Summer: BARCELONA BUAD INTERNSHIP,NEWRK,0 Hrs,TBD,,Jan 3 - Feb 4,"Toole,Ruth A"
UNIV370020,DIS,Study Abroad Winter / Summer: AUSTRALIA/NZEALAND HSBM,NEWRK,0 Hrs,TBD,12:00AM - 12:00AM,Jan 3 - Feb 4,"Toole,Ruth A"
UNIV370024,DIS,Study Abroad Winter / Summer: BARBADOS HDFS/HRIM,NEWRK,0 Hrs,TBD,12:00AM - 12:00AM,Jan 3 - Feb 4,"Bell,James"
UNIV370042,DIS,Study Abroad Winter / Summer: DOMINICA GEOG,NEWRK,0 Hrs,TBD,12:00AM - 12:00AM,Jan 3 - Feb 4,"Bell,James"
UNIV370055,DIS,Study Abroad Winter / Summer: INDIA ENGL,NEWRK,0 Hrs,TBD,12:00AM - 12:00AM,Jan 3 - Feb 4,Staff
UNIV370058,DIS,Study Abroad Winter / Summer: ITALY ENGL,NEWRK,0 Hrs,TBD,12:00AM - 12:00AM,Jan 3 - Feb 4,"Toole,Ruth A"
UNIV370059,DIS,Study Abroad Winter / Summer: ITALY FINC/ENGL,NEWRK,0 Hrs,TBD,12:00AM - 12:00AM,Jan 3 - Feb 4,"Bell,James"
UNIV370067,DIS,"Study Abroad Winter / Summer: LEIPZIG, GERMANY FLLT",NEWRK,0 Hrs,,Canceled,,
UNIV370069,DIS,Study Abroad Winter / Summer: LONDON ENGL/THEA,NEWRK,0 Hrs,TBD,12:00AM - 12:00AM,Jan 3 - Feb 4,"Bell,James"
UNIV370072,DIS,Study Abroad Winter / Summer: LONDON MUSC,NEWRK,0 Hrs,TBD,12:00AM - 12:00AM,Jan 3 - Feb 4,"Bell,James"
UNIV370076,DIS,Study Abroad Winter / Summer: MOROCCO FLLT,NEWRK,0 Hrs,TBD,12:00AM - 12:00AM,Jan 3 - Feb 4,"Bell,James"
UNIV370076,DIS,Study Abroad Winter / Summer: MOROCCO FLLT,NEWRK,0 Hrs,TBD,12:00AM - 12:00AM,Jan 3 - Feb 4,"Bell,James"
UNIV370077,DIS,Study Abroad Winter / Summer: NEW ZEALAND ANFS,NEWRK,0 Hrs,TBD,12:00AM - 12:00AM,Jan 3 - Feb 4,"Bell,James"
UNIV370080,DIS,Study Abroad Winter / Summer: NEW ZEALAND KAAP,NEWRK,0 Hrs,TBD,12:00AM - 12:00AM,Jan 3 - Feb 4,"Bell,James"
UNIV370084,DIS,"Study Abroad Winter / Summer: PARIS, FRANCE FASH",NEWRK,0 Hrs,TBD,12:00AM - 12:00AM,Jan 3 - Feb 4,"Bell,James"
UNIV370090,DIS,Study Abroad Winter / Summer: SIENA ITALY,NEWRK,0 Hrs,TBD,12:00AM - 12:00AM,Jan 3 - Feb 4,"Bell,James"
UNIV370091,DIS,Study Abroad Winter / Summer: SOUTH AFRICA HDFS/HRIM,NEWRK,0 Hrs,TBD,12:00AM - 12:00AM,Jan 3 - Feb 4,"Bell,James"
UNIV370096,DIS,Study Abroad Winter / Summer: TANZANIA ENWC,NEWRK,0 Hrs,TBD,12:00AM - 12:00AM,Jan 3 - Feb 4,"Bell,James"
UNIV370115,DIS,Study Abroad Winter / Summer: ATHENS ENGL,NEWRK,0 Hrs,TBD,,Jan 3 - Feb 4,"Toole,Ruth A"
UNIV370129,DIS,Study Abroad Winter / Summer: MARTINIQUE FLLT,NEWRK,0 Hrs,TBD,12:00AM - 12:00AM,Jan 3 - Feb 4,"Bell,James"
UNIV370133,DIS,Study Abroad Winter / Summer: SOUTH AFRICA BHAN,NEWRK,0 Hrs,TBD,12:00AM - 12:00AM,Jan 3 - Feb 4,"Bell,James"
UNIV370148,DIS,Study Abroad Winter / Summer: BRITISH VIRGIN ISLANDS NURS,NEWRK,0 Hrs,TBD,12:00AM - 12:00AM,Jan 3 - Feb 4,"Toole,Ruth A"
UNIV370156,DIS,Study Abroad Winter / Summer: LONDON COMM - MICRO,NEWRK,0 Hrs,TBD,,-,Staff
UNIV370168,DIS,Study Abroad Winter / Summer: ITALY HIST-MICRO,NEWRK,0 Hrs,TBD,12:00AM - 12:00AM,Jan 3 - Feb 4,"Bell,James"
UNIV370169,DIS,Study Abroad Winter / Summer: NEW ZEALAND COMM,NEWRK,0 Hrs,TBD,12:00AM - 12:00AM,Jan 3 - Feb 4,"Bell,James"
UNIV370193,DIS,Study Abroad Winter / Summer: BUDAPEST UAPP - MICRO,NEWRK,0 Hrs,TBD,12:00AM - 12:00AM,Jan 3 - Feb 4,"Toole,Ruth A"
UNIV370194,DIS,Study Abroad Winter / Summer: DUBAI CIEG,NEWRK,0 Hrs,TBD,12:00AM - 12:00AM,Jan 3 - Feb 4,"Toole,Ruth A"
UNIV370198,DIS,Study Abroad Winter / Summer: LONDON COMM,NEWRK,0 Hrs,TBD,12:00AM - 12:00AM,Jan 3 - Feb 4,"Bell,James"
UNIV370206,DIS,Study Abroad Winter / Summer: AUSTRALIA ENTR,NEWRK,0 Hrs,TBD,12:00AM - 12:00AM,Jan 3 - Feb 4,"Bell,James"
UNIV370215,DIS,Study Abroad Winter / Summer: JAPAN PSYC MICRO,NEWRK,0 Hrs,TBD,12:00AM - 12:00AM,Jan 3 - Feb 4,"Bell,James"
UNIV370220,DIS,"Study Abroad Winter / Summer: PARIS, FRANCE BISC",NEWRK,0 Hrs,TBD,12:00AM - 12:00AM,Jan 3 - Feb 4,"Bell,James"
UNIV370229,DIS,Study Abroad Winter / Summer: ITALY LING/CGSC,NEWRK,0 Hrs,TBD,12:00AM - 12:00AM,Jan 3 - Feb 4,"Toole,Ruth A"
UNIV370231,DIS,Study Abroad Winter / Summer: MALTA UAPP GRAD,NEWRK,0 Hrs,TBD,12:00AM - 12:00AM,Jan 3 - Feb 4,"Bell,James"
UNIV370232,DIS,Study Abroad Winter / Summer: NETHERLANDS ENGL,NEWRK,0 Hrs,TBD,12:00AM - 12:00AM,Jan 3 - Feb 4,"Bell,James"
UNIV370234,DIS,Study Abroad Winter / Summer: PARIS/BRUSSELS BUAD,NEWRK,0 Hrs,TBD,12:00AM - 12:00AM,Jan 3 - Feb 4,"Toole,Ruth A"
UNIV370235,DIS,Study Abroad Winter / Summer,NEWRK,0 Hrs,TBD,,Jan 3 - Feb 4,"Bell,James"
UNIV370236,DIS,Study Abroad Winter / Summer: FRANCE MSEG/PHYS/HIST,NEWRK,0 Hrs,TBD,,Jan 3 - Feb 4,"Toole,Ruth A"
UNIV370237,DIS,Study Abroad Winter / Summer: PAVIA ARSC/HLTH,NEWRK,0 Hrs,TBD,,Jan 3 - Feb 4,"Toole,Ruth A"
UNIV370238,DIS,Study Abroad Winter / Summer: TRIESTE ARSC/HLTH,NEWRK,0 Hrs,TBD,,Jan 3 - Feb 4,"Toole,Ruth A"
UNIV371011,DIS,Domestic Travel Study: HAWAII BISC,NEWRK,0 Hrs,TBD,,Jan 3 - Feb 4,"Toole,Ruth A"
UNIV371029,DIS,Domestic Travel Study: HAWAII BUAD/FINC,NEWRK,0 Hrs,TBD,,Jan 3 - Feb 4,"Toole,Ruth A"
UNIV371030,DIS,Domestic Travel Study: HAWAII HLTH,NEWRK,0 Hrs,TBD,,Jan 3 - Feb 4,"Toole,Ruth A"
UNIV371031,DIS,Domestic Travel Study: HAWAII LEAD MICRO,NEWRK,0 Hrs,TBD,,Jan 3 - Feb 4,"Toole,Ruth A"
UNIV371032D,DIS,Domestic Travel Study: HAWAII ENTR MICRO,NEWRK,0 Hrs,TBD,,Jan 3 - Feb 4,"Toole,Ruth A"
UNIV467011,LEC,SEMINAR: ANALYSIS: HS MATH STUDENTS,NEWRK,1-6 Hrs,TR,6:00PM - 7:30PM,Jan 3 - Feb 4,"Roscoe,Diana Lynne Quintal"
UNIV604010,LEC,Research Ethics,NEWRK,0 Hrs,TBD,12:00AM - 12:00AM,Jan 3 - Feb 4,Staff
UNIV895011,IND,Master's Sustaining: Non-Thesis,NEWRK,0 Hrs,TBD,,-,Staff
UNIV899011,IND,Master's Sustaining,NEWRK,0 Hrs,TBD,12:00AM - 12:00AM,Jan 3 - Feb 4,"Martin,Mary J"
UNIV999011,IND,Ph.D. Sustaining,NEWRK,0 Hrs,TBD,12:00AM - 12:00AM,Jan 3 - Feb 4,"Martin,Mary J"
WOMS200010,LEC,Introduction to Sexualities and Gender Studies,NEWRK,3 Hrs,MTWRF,10:00AM - 11:45AM,Jan 3 - Feb 4,"Glass-Heffner,Andrea Lyn"
WOMS201010,LEC,Introduction to Women and Gender Studies,NEWRK,3 Hrs,MTWRF,2:00PM - 3:45PM,Jan 3 - Feb 4,"Glass-Heffner,Andrea Lyn"
WOMS213192,LEC,Men and Women in American Society,NEWRK,3 Hrs,ASYN,,Jan 3 - Feb 4,"Friedman,Asia May"
WOMS213193,LEC,Men and Women in American Society,NEWRK,3 Hrs,ASYN,,Jan 3 - Feb 4,"Friedman,Asia May"
WOMS213194,LEC,Men and Women in American Society,NEWRK,3 Hrs,ASYN,,Jan 3 - Feb 4,"Friedman,Asia May"
WOMS213195,LEC,Men and Women in American Society,NEWRK,3 Hrs,ASYN,,Jan 3 - Feb 4,"Friedman,Asia May"
WOMS214010,LEC,Intersectional Feminisms,NEWRK,3 Hrs,MTWRF,10:00AM - 11:45AM,Jan 3 - Feb 4,"Christopher,Emerald L"
WOMS300010,LEC,Women in American History,NEWRK,3 Hrs,ASYN,12:00AM - 12:00AM,Jan 3 - Feb 4,"Maestri,Melissa A"
WOMS414194,LEC,Women and Gender in Healthcare,NEWRK,3 Hrs,ASYN,,Jan 3 - Feb 4,"Hagstrom,Amy Teresa"
WOMS414195,LEC,Women and Gender in Healthcare,NEWRK,3 Hrs,ASYN,,Jan 3 - Feb 4,"Hagstrom,Amy Teresa"
